,Rushing,Rush,Yds,Avg,Long,TD,FL,opp,weekn
0,Patrick Mahomes,6,45,7.5,16,0,0,det,1
1,Isiah Pacheco,8,23,2.9,7,0,0,det,1
2,Clyde Edwards-Helaire,6,22,3.7,5,0,0,det,1
3,Skyy Moore,1,4,4.0,4,0,0,det,1
4,Kadarius Toney,1,-1,-1.0,-1,0,0,det,1
5,Rashee Rice,1,-3,-3.0,-3,0,0,det,1
6,David Montgomery,21,74,3.5,8,1,0,kc,1
7,Jahmyr Gibbs,7,42,6.0,18,0,0,kc,1
8,Jalen Reeves-Maybin,1,3,3.0,3,0,0,kc,1
9,Jared Goff,5,-1,-0.2,2,0,0,kc,1
10,Breece Hall,10,127,12.7,83,0,0,buf,1
11,Dalvin Cook,13,33,2.5,10,0,0,buf,1
12,Zach Wilson,4,6,1.5,6,0,0,buf,1
13,Michael Carter,1,6,6.0,6,0,0,buf,1
14,James Cook,12,46,3.8,13,0,0,nyj,1
15,Josh Allen,6,36,6.0,14,0,1,nyj,1
16,Latavius Murray,2,8,4.0,6,0,0,nyj,1
17,Deonte Harty,1,4,4.0,4,0,0,nyj,1
18,Damien Harris,1,3,3.0,3,0,0,nyj,1
19,Saquon Barkley,12,51,4.3,18,0,0,dal,1
20,Daniel Jones,13,43,3.3,11,0,0,dal,1
21,Matt Breida,2,9,4.5,6,0,0,dal,1
22,Gary Brightwell,1,5,5.0,5,0,0,dal,1
23,Tony Pollard,14,70,5.0,25,2,0,nyg,1
24,Rico Dowdle,6,24,4.0,10,0,0,nyg,1
25,KaVontae Turpin,3,14,4.7,7,1,0,nyg,1
26,Deuce Vaughn,6,8,1.3,5,0,0,nyg,1
27,Dak Prescott,1,6,6.0,6,0,0,nyg,1
28,Kenneth Walker III,12,64,5.3,15,0,0,lar,1
29,Zach Charbonnet,3,11,3.7,9,0,0,lar,1
30,Geno Smith,1,6,6.0,6,0,0,lar,1
31,DeeJay Dallas,2,4,2.0,5,0,0,lar,1
32,Kyren Williams,15,52,3.5,9,2,0,sea,1
33,Cam Akers,22,29,1.3,12,1,0,sea,1
34,Matthew Stafford,3,11,3.7,9,0,0,sea,1
35,Najee Harris,6,31,5.2,24,0,0,sf,1
36,Jaylen Warren,3,6,2.0,3,0,0,sf,1
37,Kenny Pickett,1,4,4.0,4,0,0,sf,1
38,Christian McCaffrey,22,152,6.9,65,1,0,pit,1
39,Brock Purdy,3,20,6.7,17,0,0,pit,1
40,Elijah Mitchell,5,10,2.0,4,0,0,pit,1
41,Deebo Samuel,2,8,4.0,5,0,0,pit,1
42,Sam Darnold,2,-2,-1.0,-1,0,0,pit,1
43,Jamaal Williams,18,45,2.5,11,0,0,ten,1
44,Rashid Shaheed,2,11,5.5,6,0,0,ten,1
45,Tony Jones Jr.,1,5,5.0,5,0,0,ten,1
46,Derek Carr,3,4,1.3,7,0,0,ten,1
47,Taysom Hill,3,4,1.3,4,0,0,ten,1
48,Derrick Henry,15,63,4.2,18,0,0,no,1
49,Tyjae Spears,3,27,9.0,17,0,0,no,1
50,Treylon Burks,1,9,9.0,9,0,0,no,1
51,Ryan Tannehill,3,5,1.7,2,0,0,no,1
52,Ezekiel Elliott,7,29,4.1,11,0,0,phi,1
53,Rhamondre Stevenson,12,25,2.1,5,0,0,phi,1
54,Mac Jones,2,15,7.5,8,0,0,phi,1
55,Ty Montgomery II,1,7,7.0,7,0,0,phi,1
56,Kenneth Gainwell,14,54,3.9,16,0,0,ne,1
57,Jalen Hurts,9,37,4.1,14,0,1,ne,1
58,Boston Scott,1,3,3.0,3,0,0,ne,1
59,D'Andre Swift,1,3,3.0,3,0,0,ne,1
60,Justin Fields,9,59,6.6,10,0,0,gb,1
61,Khalil Herbert,9,27,3.0,12,0,0,gb,1
62,Roschon Johnson,5,20,4.0,11,1,0,gb,1
63,D'Onta Foreman,5,16,3.2,11,0,0,gb,1
64,Cole Kmet,1,0,0.0,0,0,0,gb,1
65,Aaron Jones,9,41,4.6,9,1,0,chi,1
66,Patrick Taylor,5,22,4.4,10,0,0,chi,1
67,AJ Dillon,13,19,1.5,7,0,0,chi,1
68,Jordan Love,3,12,4.0,9,0,0,chi,1
69,Sean Clifford,1,0,0.0,0,0,0,chi,1
70,Jayden Reed,1,-2,-2.0,-2,0,0,chi,1
71,Austin Ekeler,16,117,7.3,55,1,0,mia,1
72,Joshua Kelley,16,91,5.7,14,1,0,mia,1
73,Justin Herbert,5,17,3.4,5,1,0,mia,1
74,Keenan Allen,2,6,3.0,4,0,0,mia,1
75,Gerald Everett,1,2,2.0,2,0,0,mia,1
76,Raheem Mostert,10,37,3.7,12,1,0,lac,1
77,Erik Ezukanma,2,17,8.5,12,0,0,lac,1
78,Salvon Ahmed,3,11,3.7,8,0,0,lac,1
79,Tua Tagovailoa,5,5,1.0,7,0,1,lac,1
80,Javonte Williams,13,52,4.0,11,0,0,lv,1
81,Samaje Perine,8,41,5.1,12,0,0,lv,1
82,Russell Wilson,1,1,1.0,1,0,0,lv,1
83,Josh Jacobs,19,48,2.5,7,0,0,den,1
84,Jimmy Garoppolo,9,11,1.2,8,0,0,den,1
85,Zamir White,1,2,2.0,2,0,0,den,1
86,Brian Robinson Jr.,19,59,3.1,7,0,0,ari,1
87,Sam Howell,2,11,5.5,6,1,0,ari,1
88,Antonio Gibson,3,9,3.0,3,0,1,ari,1
89,Chris Rodriguez Jr.,3,7,2.3,3,0,0,ari,1
90,Curtis Samuel,1,6,6.0,6,0,0,ari,1
91,James Conner,14,62,4.4,12,0,0,was,1
92,Marquise Brown,1,29,29.0,29,0,0,was,1
93,Rondale Moore,2,12,6.0,8,0,0,was,1
94,Joshua Dobbs,3,-3,-1.0,1,0,1,was,1
95,Keaontay Ingram,5,-4,-0.8,6,0,0,was,1
96,Alexander Mattison,11,34,3.1,9,0,0,tb,1
97,Kirk Cousins,3,7,2.3,4,0,1,tb,1
98,Ty Chandler,3,0,0.0,2,0,0,tb,1
99,Rachaad White,17,39,2.3,6,0,0,min,1
100,Sean Tucker,5,15,3.0,5,0,0,min,1
101,Baker Mayfield,8,11,1.4,5,0,0,min,1
102,Chase Edmonds,2,8,4.0,5,0,0,min,1
103,Rakim Jarrett,1,0,0.0,0,0,0,min,1
104,Lamar Jackson,6,38,6.3,14,0,0,hou,1
105,Gus Edwards,8,32,4.0,13,0,0,hou,1
106,J.K. Dobbins,8,22,2.8,4,1,0,hou,1
107,Justice Hill,8,9,1.1,4,2,0,hou,1
108,Zay Flowers,2,9,4.5,6,0,0,hou,1
109,Dameon Pierce,11,38,3.5,7,0,0,bal,1
110,C.J. Stroud,4,20,5.0,11,0,0,bal,1
111,Devin Singletary,7,15,2.1,4,0,0,bal,1
112,Noah Brown,1,-1,-1.0,-1,0,0,bal,1
113,Anthony Richardson,10,40,4.0,12,1,0,jax,1
114,Deon Jackson,13,14,1.1,7,0,1,jax,1
115,Jake Funk,2,10,5.0,7,0,0,jax,1
116,Evan Hull,1,1,1.0,1,0,0,jax,1
117,Travis Etienne Jr.,18,77,4.3,26,1,0,ind,1
118,Trevor Lawrence,7,21,3.0,11,0,0,ind,1
119,Tank Bigsby,7,13,1.9,4,1,0,ind,1
120,Jamal Agnew,2,-2,-1.0,0,0,0,ind,1
121,D'Ernest Johnson,1,-4,-4.0,-4,0,0,ind,1
122,Tyler Allgeier,15,75,5.0,22,2,0,car,1
123,Bijan Robinson,10,56,5.6,21,0,0,car,1
124,Desmond Ridder,1,-1,-1.0,-1,0,0,car,1
125,Miles Sanders,18,72,4.0,10,0,1,atl,1
126,Chuba Hubbard,9,60,6.7,21,0,0,atl,1
127,Bryce Young,3,17,5.7,16,0,0,atl,1
128,Laviska Shenault Jr.,2,5,2.5,5,0,0,atl,1
129,Nick Chubb,18,106,5.9,17,0,0,cin,1
130,Deshaun Watson,5,45,9.0,13,1,0,cin,1
131,Jerome Ford,15,36,2.4,17,0,1,cin,1
132,Elijah Moore,2,19,9.5,19,0,0,cin,1
133,Joe Mixon,13,56,4.3,22,0,0,cle,1
134,Chris Evans,2,12,6.0,7,0,0,cle,1
135,Trayveon Williams,2,7,3.5,5,0,0,cle,1
136,Ja'Marr Chase,1,2,2.0,2,0,0,cle,1
137,Jake Browning,1,-1,-1.0,-1,0,0,cle,1
138,Joe Burrow,1,-1,-1.0,-1,0,0,cle,1
139,Najee Harris,10,43,4.3,21,0,0,cle,2
140,Jaylen Warren,6,20,3.3,8,0,0,cle,2
141,Calvin Austin III,1,-2,-2.0,-2,0,0,cle,2
142,Kenny Pickett,4,-6,-1.5,-1,0,0,cle,2
143,Jerome Ford,16,106,6.6,69,0,0,pit,2
144,Nick Chubb,10,64,6.4,20,0,0,pit,2
145,Deshaun Watson,6,22,3.7,12,0,1,pit,2
146,Elijah Moore,1,5,5.0,5,0,0,pit,2
147,Pierre Strong Jr.,2,1,0.5,1,1,0,pit,2
148,Miles Sanders,14,43,3.1,13,0,0,no,2
149,Bryce Young,2,34,17.0,26,0,0,no,2
150,Chuba Hubbard,2,16,8.0,14,0,0,no,2
151,Laviska Shenault Jr.,1,7,7.0,7,0,0,no,2
152,Taysom Hill,9,75,8.3,19,0,0,car,2
153,Tony Jones Jr.,12,34,2.8,6,2,0,car,2
154,Jamaal Williams,9,29,3.2,7,0,0,car,2
155,Derek Carr,3,-4,-1.3,-1,0,0,car,2
156,Rhamondre Stevenson,15,50,3.3,12,1,0,mia,2
157,Mac Jones,5,25,5.0,18,0,0,mia,2
158,Ezekiel Elliott,5,13,2.6,7,0,0,mia,2
159,Raheem Mostert,18,121,6.7,43,2,0,ne,2
160,Salvon Ahmed,3,13,4.3,10,0,0,ne,2
161,Erik Ezukanma,3,5,1.7,7,0,0,ne,2
162,De'Von Achane,1,5,5.0,5,0,0,ne,2
163,Tua Tagovailoa,4,3,0.8,4,0,0,ne,2
164,Jaylen Waddle,1,-2,-2.0,-2,0,0,ne,2
165,Dameon Pierce,15,31,2.1,10,0,0,ind,2
166,Devin Singletary,4,14,3.5,5,0,0,ind,2
167,Dare Ogunbowale,2,4,2.0,2,0,0,ind,2
168,Andrew Beck,2,2,1.0,2,0,0,ind,2
169,C.J. Stroud,3,1,0.3,2,0,0,ind,2
170,Zack Moss,18,88,4.9,11,1,0,hou,2
171,Anthony Richardson,3,35,11.7,18,2,0,hou,2
172,Gardner Minshew II,2,3,1.5,2,0,0,hou,2
173,Russell Wilson,6,56,9.3,15,0,0,was,2
174,Javonte Williams,12,44,3.7,15,0,0,was,2
175,Marvin Mims Jr.,2,10,5.0,8,0,0,was,2
176,Jaleel McLaughlin,1,5,5.0,5,1,0,was,2
177,Samaje Perine,1,4,4.0,4,0,0,was,2
178,Michael Burton,1,3,3.0,3,0,0,was,2
179,Brian Robinson Jr.,18,87,4.8,27,2,0,den,2
180,Sam Howell,2,13,6.5,11,0,0,den,2
181,Curtis Samuel,1,13,13.0,13,0,0,den,2
182,Antonio Gibson,2,9,4.5,7,0,0,den,2
183,Tony Pollard,25,72,2.9,23,0,0,nyj,2
184,Rico Dowdle,7,26,3.7,9,0,0,nyj,2
185,Deuce Vaughn,3,16,5.3,13,0,0,nyj,2
186,Dak Prescott,6,14,2.3,15,0,0,nyj,2
187,KaVontae Turpin,2,6,3.0,6,0,0,nyj,2
188,Peyton Hendershot,1,0,0.0,0,0,0,nyj,2
189,Zach Wilson,5,36,7.2,16,0,0,dal,2
190,Breece Hall,4,9,2.3,9,0,0,dal,2
191,Michael Carter,2,8,4.0,6,0,0,dal,2
192,Dalvin Cook,4,7,1.8,6,0,1,dal,2
193,Ashtyn Davis,1,4,4.0,4,0,0,dal,2
194,James Conner,23,106,4.6,22,1,0,nyg,2
195,Joshua Dobbs,3,41,13.7,23,1,0,nyg,2
196,Keaontay Ingram,2,6,3.0,5,0,0,nyg,2
197,Emari Demercado,1,-2,-2.0,-2,0,0,nyg,2
198,Saquon Barkley,17,63,3.7,16,1,0,ari,2
199,Daniel Jones,9,59,6.6,15,1,0,ari,2
200,Matt Breida,1,5,5.0,5,0,0,ari,2
201,Kyren Williams,14,52,3.7,8,1,0,sf,2
202,Matthew Stafford,4,17,4.3,7,0,0,sf,2
203,Ben Skowronek,1,11,11.0,11,0,0,sf,2
204,Tutu Atwell,1,5,5.0,5,0,0,sf,2
205,Puka Nacua,2,4,2.0,4,0,0,sf,2
206,Christian McCaffrey,20,116,5.8,51,1,0,lar,2
207,Deebo Samuel,5,38,7.6,17,1,0,lar,2
208,Brock Purdy,3,5,1.7,4,1,0,lar,2
209,Travis Etienne Jr.,12,40,3.3,9,0,0,kc,2
210,Trevor Lawrence,5,26,5.2,18,0,1,kc,2
211,D'Ernest Johnson,1,8,8.0,8,0,0,kc,2
212,Isiah Pacheco,12,70,5.8,31,0,0,jax,2
213,Patrick Mahomes,7,30,4.3,14,0,0,jax,2
214,Kadarius Toney,1,3,3.0,3,0,0,jax,2
215,Clyde Edwards-Helaire,1,0,0.0,0,0,0,jax,2
216,Jerick McKinnon,1,-2,-2.0,-2,0,0,jax,2
217,Rachaad White,17,73,4.3,13,1,0,chi,2
218,Baker Mayfield,6,17,2.8,9,0,0,chi,2
219,Chase Edmonds,2,12,6.0,14,0,0,chi,2
220,Deven Thompkins,1,11,11.0,11,0,0,chi,2
221,Sean Tucker,8,7,0.9,7,0,0,chi,2
222,Khalil Herbert,7,35,5.0,8,0,0,tb,2
223,Roschon Johnson,4,32,8.0,29,0,0,tb,2
224,Justin Fields,4,3,0.8,5,1,0,tb,2
225,Velus Jones Jr.,1,-3,-3.0,-3,0,0,tb,2
226,Derrick Henry,25,80,3.2,23,1,0,lac,2
227,Tyjae Spears,8,49,6.1,14,0,0,lac,2
228,Ryan Tannehill,1,12,12.0,12,1,0,lac,2
229,Joshua Kelley,13,39,3.0,15,0,0,ten,2
230,Derius Davis,1,10,10.0,10,0,0,ten,2
231,Elijah Dotson,4,6,1.5,2,0,0,ten,2
232,Isaiah Spiller,1,3,3.0,3,0,0,ten,2
233,Mike Williams,1,3,3.0,3,0,0,ten,2
234,Justin Herbert,1,0,0.0,0,0,0,ten,2
235,Joe Mixon,13,59,4.5,14,0,0,bal,2
236,Joe Burrow,1,5,5.0,5,0,0,bal,2
237,Chase Brown,1,2,2.0,2,0,0,bal,2
238,Gus Edwards,10,62,6.2,20,1,0,cin,2
239,Lamar Jackson,12,54,4.5,12,0,0,cin,2
240,Justice Hill,11,41,3.7,11,0,0,cin,2
241,Devin Duvernay,3,15,5.0,8,0,0,cin,2
242,Zay Flowers,1,6,6.0,6,0,0,cin,2
243,Bijan Robinson,19,124,6.5,19,0,0,gb,2
244,Tyler Allgeier,16,48,3.0,10,0,0,gb,2
245,Desmond Ridder,10,39,3.9,9,1,0,gb,2
246,AJ Dillon,15,55,3.7,8,0,0,atl,2
247,Jordan Love,2,23,11.5,24,0,0,atl,2
248,Emanuel Wilson,3,5,1.7,7,0,0,atl,2
249,Patrick Taylor,1,1,1.0,1,0,0,atl,2
250,David Montgomery,16,67,4.2,16,1,1,sea,2
251,Jahmyr Gibbs,7,17,2.4,8,0,0,sea,2
252,Kalif Raymond,1,11,11.0,11,0,0,sea,2
253,Craig Reynolds,3,7,2.3,5,0,0,sea,2
254,Kenneth Walker III,17,43,2.5,14,2,0,det,2
255,Geno Smith,3,20,6.7,15,0,0,det,2
256,Zach Charbonnet,4,16,4.0,9,0,0,det,2
257,DeeJay Dallas,1,3,3.0,3,0,0,det,2
258,James Cook,17,123,7.2,36,0,0,lv,2
259,Damien Harris,7,33,4.7,11,1,0,lv,2
260,Latavius Murray,6,22,3.7,8,1,0,lv,2
261,Josh Allen,3,7,2.3,3,0,0,lv,2
262,Kyle Allen,2,-2,-1.0,-1,0,0,lv,2
263,Tre Tucker,1,34,34.0,34,0,0,buf,2
264,Zamir White,4,22,5.5,8,0,1,buf,2
265,Jimmy Garoppolo,1,1,1.0,1,0,0,buf,2
266,Josh Jacobs,9,-2,-0.2,3,0,0,buf,2
267,D'Andre Swift,28,175,6.3,43,1,0,min,2
268,Boston Scott,5,40,8.0,18,0,0,min,2
269,Jalen Hurts,12,35,2.9,8,2,0,min,2
270,Rashaad Penny,3,9,3.0,6,0,0,min,2
271,Alexander Mattison,8,28,3.5,7,0,1,phi,2
272,Ty Chandler,1,0,0.0,0,0,0,phi,2
273,Joe Mixon,19,65,3.4,14,1,0,lar,3
274,Trayveon Williams,1,4,4.0,4,0,0,lar,3
275,Joe Burrow,3,-2,-0.7,0,0,0,lar,3
276,Kyren Williams,10,38,3.8,9,0,0,cin,3
277,Tutu Atwell,1,22,22.0,22,0,0,cin,3
278,Matthew Stafford,1,7,7.0,7,0,0,cin,3
279,Van Jefferson,1,4,4.0,4,0,0,cin,3
280,Rachaad White,14,38,2.7,12,0,0,phi,3
281,Baker Mayfield,1,2,2.0,2,0,0,phi,3
282,Sean Tucker,2,1,0.5,2,0,0,phi,3
283,D'Andre Swift,16,130,8.1,29,0,0,tb,3
284,Kenneth Gainwell,14,43,3.1,8,0,0,tb,3
285,Jalen Hurts,10,28,2.8,8,1,0,tb,3
286,Breece Hall,12,18,1.5,7,0,0,ne,3
287,Dalvin Cook,8,18,2.3,5,0,0,ne,3
288,Nick Bawden,1,1,1.0,1,1,0,ne,3
289,Zach Wilson,1,1,1.0,1,0,0,ne,3
290,Ezekiel Elliott,16,80,5.0,14,0,0,nyj,3
291,Rhamondre Stevenson,19,59,3.1,10,0,0,nyj,3
292,Mac Jones,4,13,3.3,8,0,0,nyj,3
293,Demario Douglas,1,5,5.0,5,0,0,nyj,3
294,Brian Robinson Jr.,10,70,7.0,23,0,0,buf,3
295,Sam Howell,1,18,18.0,18,0,0,buf,3
296,Antonio Gibson,2,17,8.5,13,0,0,buf,3
297,James Cook,15,98,6.5,34,0,0,was,3
298,Josh Allen,3,46,15.3,23,1,0,was,3
299,Damien Harris,5,15,3.0,7,0,0,was,3
300,Latavius Murray,5,15,3.0,7,1,0,was,3
301,Kyle Allen,2,-2,-1.0,-1,0,0,was,3
302,Deonte Harty,2,-2,-1.0,1,0,0,was,3
303,Gabe Davis,1,-2,-2.0,-2,0,0,was,3
304,Alexander Mattison,20,93,4.7,15,0,0,lac,3
305,Ty Chandler,3,27,9.0,12,0,0,lac,3
306,Kirk Cousins,1,10,10.0,10,0,0,lac,3
307,Joshua Kelley,11,12,1.1,4,0,0,min,3
308,Justin Herbert,2,11,5.5,12,0,0,min,3
309,Isaiah Spiller,2,7,3.5,6,0,0,min,3
310,De'Von Achane,18,203,11.3,67,2,0,den,3
311,Raheem Mostert,13,82,6.3,20,3,0,den,3
312,Chris Brooks,9,66,7.3,52,0,0,den,3
313,Alec Ingold,2,0,0.0,0,0,0,den,3
314,Mike White,1,-1,-1.0,-1,0,0,den,3
315,Javonte Williams,11,42,3.8,16,0,0,mia,3
316,Jaleel McLaughlin,5,15,3.0,7,0,0,mia,3
317,Samaje Perine,3,9,3.0,3,0,0,mia,3
318,Marvin Mims Jr.,1,3,3.0,3,0,0,mia,3
319,Isiah Pacheco,15,62,4.1,18,1,0,chi,3
320,Clyde Edwards-Helaire,15,55,3.7,16,1,0,chi,3
321,Patrick Mahomes,3,28,9.3,15,0,0,chi,3
322,Jerick McKinnon,2,9,4.5,10,0,0,chi,3
323,Blaine Gabbert,2,-1,-0.5,0,0,0,chi,3
324,Justin Fields,11,47,4.3,17,0,0,kc,3
325,Roschon Johnson,8,38,4.8,11,0,0,kc,3
326,Khalil Herbert,7,31,4.4,11,0,0,kc,3
327,Kenneth Walker III,18,97,5.4,36,2,0,car,3
328,Zach Charbonnet,9,46,5.1,12,0,0,car,3
329,DeeJay Dallas,2,7,3.5,8,0,0,car,3
330,Geno Smith,4,-4,-1.0,-1,0,0,car,3
331,Miles Sanders,9,24,2.7,15,1,0,sea,3
332,Andy Dalton,2,11,5.5,10,0,0,sea,3
333,Laviska Shenault Jr.,2,7,3.5,5,0,0,sea,3
334,Chuba Hubbard,1,2,2.0,2,0,0,sea,3
335,James Conner,14,98,7.0,26,1,0,dal,3
336,Joshua Dobbs,6,55,9.2,44,0,0,dal,3
337,Rondale Moore,3,54,18.0,45,1,0,dal,3
338,Keaontay Ingram,5,13,2.6,8,0,0,dal,3
339,Emari Demercado,2,2,1.0,2,0,0,dal,3
340,Tony Pollard,23,122,5.3,31,0,0,ari,3
341,Dak Prescott,3,24,8.0,13,0,0,ari,3
342,Rico Dowdle,4,21,5.3,10,0,0,ari,3
343,CeeDee Lamb,2,9,4.5,9,0,0,ari,3
344,Hunter Luepke,1,9,9.0,9,0,0,ari,3
345,Josh Jacobs,17,62,3.6,10,0,0,pit,3
346,Jimmy Garoppolo,2,7,3.5,7,0,0,pit,3
347,Najee Harris,19,65,3.4,17,0,0,lv,3
348,Jaylen Warren,8,29,3.6,11,0,0,lv,3
349,Kenny Pickett,3,11,3.7,10,0,0,lv,3
350,Connor Heyward,1,0,0.0,0,0,0,lv,3
351,Travis Etienne Jr.,19,88,4.6,16,0,0,hou,3
352,Trevor Lawrence,3,12,4.0,8,0,0,hou,3
353,Tank Bigsby,2,10,5.0,9,1,0,hou,3
354,D'Ernest Johnson,3,6,2.0,3,0,0,hou,3
355,Devin Singletary,9,41,4.6,14,0,0,jax,3
356,Dameon Pierce,14,31,2.2,10,1,0,jax,3
357,C.J. Stroud,3,14,4.7,11,0,0,jax,3
358,Lamar Jackson,14,101,7.2,16,2,0,ind,3
359,Gus Edwards,11,51,4.6,14,0,0,ind,3
360,Melvin Gordon III,10,32,3.2,15,0,0,ind,3
361,Zay Flowers,1,2,2.0,2,0,0,ind,3
362,Kenyan Drake,1,0,0.0,0,0,0,ind,3
363,Zack Moss,30,122,4.1,24,0,0,bal,3
364,Trey Sermon,5,17,3.4,5,0,0,bal,3
365,Jahmyr Gibbs,17,80,4.7,21,0,0,atl,3
366,Craig Reynolds,4,15,3.8,8,0,0,atl,3
367,Zonovan Knight,3,13,4.3,8,0,0,atl,3
368,Amon-Ra St. Brown,1,4,4.0,4,0,0,atl,3
369,Jared Goff,5,3,0.6,3,1,0,atl,3
370,Jason Cabinda,1,0,0.0,0,0,0,atl,3
371,Bijan Robinson,10,33,3.3,11,0,0,det,3
372,Tyler Allgeier,7,12,1.7,5,0,0,det,3
373,Desmond Ridder,2,3,1.5,2,0,0,det,3
374,Kyle Pitts,1,-4,-4.0,-4,0,0,det,3
375,Jordan Love,9,39,4.3,24,1,0,no,3
376,AJ Dillon,11,33,3.0,14,0,0,no,3
377,Keisean Nixon,1,11,11.0,11,0,0,no,3
378,Patrick Taylor,3,6,2.0,4,0,0,no,3
379,Emanuel Wilson,2,6,3.0,4,0,0,no,3
380,Kendre Miller,9,34,3.8,10,0,0,gb,3
381,Tony Jones Jr.,8,31,3.9,19,0,0,gb,3
382,Taysom Hill,4,12,3.0,6,0,0,gb,3
383,Rashid Shaheed,1,0,0.0,0,0,0,gb,3
384,Pierre Strong Jr.,6,27,4.5,9,0,0,ten,3
385,Jerome Ford,10,18,1.8,9,1,0,ten,3
386,Deshaun Watson,4,16,4.0,10,0,0,ten,3
387,Kareem Hunt,5,13,2.6,5,0,0,ten,3
388,Harrison Bryant,2,4,2.0,2,0,0,ten,3
389,Marquise Goodwin,1,1,1.0,1,0,0,ten,3
390,Elijah Moore,3,-1,-0.3,2,0,0,ten,3
391,Derrick Henry,11,20,1.8,9,0,0,cle,3
392,Tyjae Spears,4,6,1.5,5,0,0,cle,3
393,Christian McCaffrey,18,85,4.7,12,1,0,nyg,3
394,Elijah Mitchell,11,42,3.8,18,0,0,nyg,3
395,Jordan Mason,3,11,3.7,5,0,0,nyg,3
396,Kyle Juszczyk,1,3,3.0,3,0,0,nyg,3
397,Deebo Samuel,1,2,2.0,2,0,0,nyg,3
398,Brock Purdy,4,-1,-0.3,1,0,0,nyg,3
399,Sam Darnold,1,-1,-1.0,-1,0,0,nyg,3
400,Matt Breida,4,17,4.3,8,1,0,sf,3
401,Gary Brightwell,4,5,1.3,2,0,0,sf,3
402,Daniel Jones,2,5,2.5,4,0,0,sf,3
403,Tyrod Taylor,1,2,2.0,2,0,0,sf,3
404,Daniel Jones,10,66,6.6,17,0,0,sea,4
405,Matt Breida,14,30,2.1,5,0,0,sea,4
406,Gary Brightwell,4,9,2.3,4,0,0,sea,4
407,Wan'Dale Robinson,1,7,7.0,7,0,0,sea,4
408,Kenneth Walker III,17,79,4.6,31,1,0,nyg,4
409,Zach Charbonnet,5,31,6.2,15,0,0,nyg,4
410,Drew Lock,1,11,11.0,11,0,0,nyg,4
411,Breece Hall,6,56,9.3,43,0,0,kc,4
412,Dalvin Cook,5,16,3.2,5,0,0,kc,4
413,Zach Wilson,2,14,7.0,14,0,1,kc,4
414,Xavier Gipson,2,13,6.5,14,0,0,kc,4
415,Michael Carter,1,9,9.0,9,0,0,kc,4
416,Isiah Pacheco,20,115,5.8,48,1,0,nyj,4
417,Patrick Mahomes,7,51,7.3,25,0,0,nyj,4
418,Skyy Moore,2,19,9.5,11,0,0,nyj,4
419,Clyde Edwards-Helaire,3,12,4.0,9,0,0,nyj,4
420,Jerick McKinnon,3,7,2.3,3,0,0,nyj,4
421,Alvin Kamara,11,51,4.6,13,0,0,tb,4
422,Taysom Hill,4,10,2.5,4,0,0,tb,4
423,Adam Prentice,1,5,5.0,5,0,1,tb,4
424,Kendre Miller,1,3,3.0,3,0,0,tb,4
425,Derek Carr,2,1,0.5,2,0,0,tb,4
426,Rachaad White,15,56,3.7,11,0,0,no,4
427,Baker Mayfield,8,31,3.9,10,0,0,no,4
428,Ke'Shawn Vaughn,9,16,1.8,8,0,0,no,4
429,Deven Thompkins,1,11,11.0,11,0,0,no,4
430,Zack Moss,18,70,3.9,20,0,0,lar,4
431,Anthony Richardson,10,56,5.6,23,1,1,lar,4
432,Trey Sermon,3,7,2.3,4,0,0,lar,4
433,Kyren Williams,25,103,4.1,20,2,0,ind,4
434,Ronnie Rivers,9,47,5.2,9,0,0,ind,4
435,Matthew Stafford,2,14,7.0,8,0,0,ind,4
436,Derrick Henry,22,122,5.5,29,1,0,cin,4
437,Tyjae Spears,5,40,8.0,22,0,0,cin,4
438,Ryan Tannehill,6,11,1.8,7,0,0,cin,4
439,Joe Mixon,14,67,4.8,13,0,0,ten,4
440,Trayveon Williams,1,4,4.0,4,0,0,ten,4
441,Joe Burrow,3,1,0.3,1,0,0,ten,4
442,Joshua Kelley,17,65,3.8,22,0,0,lv,4
443,Derius Davis,3,51,17.0,51,0,0,lv,4
444,Justin Herbert,12,27,2.3,15,2,0,lv,4
445,Isaiah Spiller,5,12,2.4,4,0,0,lv,4
446,Josh Jacobs,17,58,3.4,9,1,0,lac,4
447,Zamir White,3,15,5.0,11,0,0,lac,4
448,Aidan O'Connell,3,3,1.0,2,1,0,lac,4
449,Tony Pollard,11,47,4.3,16,0,0,ne,4
450,KaVontae Turpin,1,46,46.0,46,0,0,ne,4
451,CeeDee Lamb,1,12,12.0,12,0,0,ne,4
452,Deuce Vaughn,8,9,1.1,3,0,0,ne,4
453,Rico Dowdle,3,9,3.0,9,0,0,ne,4
454,Hunter Luepke,2,4,2.0,3,1,0,ne,4
455,Dak Prescott,1,-1,-1.0,-1,0,0,ne,4
456,Cooper Rush,3,-2,-0.7,0,0,0,ne,4
457,Rhamondre Stevenson,14,30,2.1,8,0,0,dal,4
458,Ezekiel Elliott,6,16,2.7,9,0,0,dal,4
459,Mac Jones,3,7,2.3,4,0,0,dal,4
460,D'Andre Swift,14,56,4.0,8,1,0,was,4
461,Jalen Hurts,9,34,3.8,24,0,0,was,4
462,Kenneth Gainwell,4,14,3.5,13,0,0,was,4
463,Brian Robinson Jr.,14,45,3.2,15,1,0,phi,4
464,Sam Howell,6,40,6.7,20,0,0,phi,4
465,Antonio Gibson,6,19,3.2,10,0,0,phi,4
466,Logan Thomas,1,2,2.0,2,0,0,phi,4
467,Curtis Samuel,1,1,1.0,1,1,0,phi,4
468,Dameon Pierce,24,81,3.4,13,0,0,pit,4
469,Devin Singletary,7,25,3.6,9,0,0,pit,4
470,C.J. Stroud,4,16,4.0,11,0,0,pit,4
471,Tank Dell,2,13,6.5,7,0,0,pit,4
472,Mike Boone,1,4,4.0,4,0,0,pit,4
473,Najee Harris,14,71,5.1,23,0,0,hou,4
474,Jaylen Warren,8,29,3.6,18,0,0,hou,4
475,Kenny Pickett,2,9,4.5,8,0,0,hou,4
476,Calvin Austin III,1,5,5.0,5,0,0,hou,4
477,Christian McCaffrey,20,106,5.3,18,3,0,ari,4
478,Jordan Mason,3,10,3.3,4,0,0,ari,4
479,Deebo Samuel,3,6,2.0,5,0,0,ari,4
480,Kyle Juszczyk,2,3,1.5,3,0,0,ari,4
481,Brock Purdy,2,0,0.0,1,1,0,ari,4
482,Sam Darnold,1,-1,-1.0,-1,0,0,ari,4
483,James Conner,11,52,4.7,11,0,0,sf,4
484,Joshua Dobbs,12,48,4.0,12,0,0,sf,4
485,Emari Demercado,1,3,3.0,3,0,0,sf,4
486,Zeke Turner,1,2,2.0,2,0,0,sf,4
487,Travis Etienne Jr.,20,55,2.8,7,0,0,atl,4
488,Trevor Lawrence,8,42,5.3,22,0,0,atl,4
489,Tank Bigsby,3,10,3.3,6,0,0,atl,4
490,D'Ernest Johnson,1,-2,-2.0,-2,0,0,atl,4
491,Bijan Robinson,14,105,7.5,38,0,0,jax,4
492,Tyler Allgeier,7,16,2.3,9,0,0,jax,4
493,Desmond Ridder,1,6,6.0,6,0,0,jax,4
494,Khalil Herbert,18,103,5.7,24,0,0,den,4
495,Justin Fields,4,25,6.3,20,0,0,den,4
496,Tyler Scott,2,19,9.5,11,0,0,den,4
497,Roschon Johnson,5,13,2.6,7,0,0,den,4
498,Velus Jones Jr.,1,10,10.0,10,0,0,den,4
499,Cole Kmet,1,1,1.0,1,0,0,den,4
500,Jaleel McLaughlin,7,72,10.3,31,0,0,chi,4
501,Russell Wilson,4,13,3.3,10,0,0,chi,4
502,Samaje Perine,6,12,2.0,5,0,0,chi,4
503,Javonte Williams,2,0,0.0,1,0,0,chi,4
504,Chuba Hubbard,14,41,2.9,7,0,0,min,4
505,Miles Sanders,13,19,1.5,6,0,0,min,4
506,Bryce Young,2,10,5.0,6,0,0,min,4
507,Laviska Shenault Jr.,1,7,7.0,7,0,0,min,4
508,Adam Thielen,1,6,6.0,6,0,0,min,4
509,Alexander Mattison,17,95,5.6,17,0,0,car,4
510,Cam Akers,5,40,8.0,10,0,0,car,4
511,Kirk Cousins,1,0,0.0,0,0,0,car,4
512,Pierre Strong Jr.,5,49,9.8,40,0,0,bal,4
513,Jerome Ford,9,26,2.9,10,0,0,bal,4
514,Dorian Thompson-Robinson,4,24,6.0,12,0,0,bal,4
515,Kareem Hunt,5,12,2.4,6,0,0,bal,4
516,Harrison Bryant,1,2,2.0,2,0,0,bal,4
517,Elijah Moore,1,-20,-20.0,-20,0,0,bal,4
518,Gus Edwards,15,48,3.2,16,0,0,cle,4
519,Justice Hill,3,33,11.0,15,0,0,cle,4
520,Lamar Jackson,9,27,3.0,10,2,1,cle,4
521,Melvin Gordon III,3,21,7.0,22,0,0,cle,4
522,Tyler Huntley,2,8,4.0,6,0,0,cle,4
523,Zay Flowers,1,-6,-6.0,-6,0,0,cle,4
524,Aaron Jones,5,18,3.6,9,0,0,det,4
525,AJ Dillon,5,11,2.2,6,0,0,det,4
526,Jordan Love,2,-2,-1.0,9,1,0,det,4
527,David Montgomery,32,121,3.8,16,3,0,gb,4
528,Jahmyr Gibbs,8,40,5.0,9,0,0,gb,4
529,Kalif Raymond,1,40,40.0,40,0,0,gb,4
530,Jared Goff,2,10,5.0,11,0,0,gb,4
531,Latavius Murray,4,32,8.0,29,0,0,mia,4
532,James Cook,12,29,2.4,8,1,0,mia,4
533,Damien Harris,6,29,4.8,8,0,0,mia,4
534,Josh Allen,4,17,4.3,11,1,0,mia,4
535,Kyle Allen,3,-3,-1.0,-1,0,0,mia,4
536,De'Von Achane,8,101,12.6,55,2,0,buf,4
537,Tyreek Hill,1,14,14.0,14,0,0,buf,4
538,Braxton Berrios,1,11,11.0,11,0,0,buf,4
539,Raheem Mostert,7,9,1.3,6,0,1,buf,4
540,Tua Tagovailoa,2,7,3.5,4,0,0,buf,4
541,Josh Jacobs,20,69,3.5,24,1,0,gb,5
542,Tre Tucker,1,16,16.0,16,0,0,gb,5
543,Jimmy Garoppolo,4,4,1.0,3,0,0,gb,5
544,Ameer Abdullah,1,4,4.0,4,0,0,gb,5
545,DeAndre Carter,2,3,1.5,3,0,0,gb,5
546,Jakobi Meyers,1,0,0.0,0,0,0,gb,5
547,AJ Dillon,20,76,3.8,11,1,0,lv,5
548,Jordan Love,2,37,18.5,26,0,0,lv,5
549,Patrick Taylor,2,2,1.0,5,0,0,lv,5
550,Christian Watson,1,-5,-5.0,-5,0,0,lv,5
551,Sam Howell,4,19,4.8,10,0,0,chi,5
552,Brian Robinson Jr.,6,10,1.7,5,0,0,chi,5
553,Khalil Herbert,10,76,7.6,34,0,0,was,5
554,Justin Fields,11,57,5.2,14,0,0,was,5
555,Khari Blasingame,8,26,3.3,6,0,0,was,5
556,Roschon Johnson,3,19,6.3,10,0,0,was,5
557,Jaleel McLaughlin,9,68,7.6,38,0,0,nyj,5
558,Russell Wilson,7,49,7.0,21,0,0,nyj,5
559,Samaje Perine,6,22,3.7,8,0,1,nyj,5
560,Breece Hall,22,177,8.0,72,1,0,den,5
561,Zach Wilson,3,26,8.7,9,0,0,den,5
562,Dalvin Cook,6,23,3.8,9,0,0,den,5
563,Michael Carter,1,8,8.0,8,0,0,den,5
564,Kyren Williams,13,53,4.1,11,0,0,phi,5
565,Ronnie Rivers,1,1,1.0,1,0,0,phi,5
566,Jalen Hurts,15,72,4.8,17,1,0,lar,5
567,D'Andre Swift,17,70,4.1,17,0,0,lar,5
568,Kenneth Gainwell,7,17,2.4,4,0,0,lar,5
569,Alexander Mattison,8,26,3.3,7,0,0,kc,5
570,Cam Akers,5,15,3.0,6,0,0,kc,5
571,Ty Chandler,1,15,15.0,15,0,0,kc,5
572,Brandon Powell,1,9,9.0,9,0,0,kc,5
573,Kirk Cousins,3,5,1.7,2,0,0,kc,5
574,Isiah Pacheco,16,55,3.4,11,1,0,min,5
575,Jerick McKinnon,1,7,7.0,7,0,0,min,5
576,Clyde Edwards-Helaire,3,4,1.3,2,0,0,min,5
577,Kadarius Toney,1,1,1.0,1,0,0,min,5
578,Rondale Moore,3,50,16.7,41,0,0,cin,5
579,James Conner,6,46,7.7,35,0,0,cin,5
580,Emari Demercado,10,45,4.5,11,1,0,cin,5
581,Joshua Dobbs,3,1,0.3,2,0,0,cin,5
582,Joe Mixon,25,81,3.2,10,0,0,ari,5
583,Joe Burrow,4,7,1.8,10,0,0,ari,5
584,Trayveon Williams,1,5,5.0,5,0,0,ari,5
585,Jaylen Warren,9,40,4.4,16,0,0,bal,5
586,Najee Harris,14,37,2.6,8,0,0,bal,5
587,George Pickens,1,16,16.0,16,0,0,bal,5
588,Kenny Pickett,6,-6,-1.0,2,0,0,bal,5
589,Gus Edwards,12,48,4.0,11,0,0,pit,5
590,Lamar Jackson,6,45,7.5,26,0,0,pit,5
591,Justice Hill,7,32,4.6,14,1,0,pit,5
592,Jordan Mason,10,69,6.9,26,1,0,dal,5
593,Christian McCaffrey,19,51,2.7,8,1,1,dal,5
594,Deebo Samuel,5,30,6.0,11,0,0,dal,5
595,Tyrion Davis-Price,6,21,3.5,15,0,0,dal,5
596,Sam Darnold,1,-1,-1.0,-1,0,0,dal,5
597,Tony Pollard,8,29,3.6,10,0,1,sf,5
598,Rico Dowdle,5,15,3.0,8,0,0,sf,5
599,Deuce Vaughn,3,7,2.3,4,0,0,sf,5
600,Brandin Cooks,1,6,6.0,6,0,0,sf,5
601,Dak Prescott,1,2,2.0,2,0,0,sf,5
602,Cooper Rush,1,-2,-2.0,-2,0,0,sf,5
603,Rhamondre Stevenson,8,24,3.0,8,0,0,no,5
604,Ezekiel Elliott,8,21,2.6,8,0,0,no,5
605,Mac Jones,1,0,0.0,0,0,1,no,5
606,Ty Montgomery II,1,0,0.0,0,0,0,no,5
607,Alvin Kamara,22,80,3.6,10,1,0,ne,5
608,Kendre Miller,12,37,3.1,8,0,0,ne,5
609,Taysom Hill,3,19,6.3,12,0,0,ne,5
610,Derek Carr,2,4,2.0,5,0,0,ne,5
611,Jameis Winston,3,-4,-1.3,-1,0,0,ne,5
612,De'Von Achane,11,151,13.7,76,1,1,nyg,5
613,Raheem Mostert,10,65,6.5,23,1,0,nyg,5
614,Tua Tagovailoa,2,6,3.0,7,0,0,nyg,5
615,Eric Gray,12,25,2.1,8,0,0,mia,5
616,Daniel Jones,4,24,6.0,11,0,0,mia,5
617,Matt Breida,9,21,2.3,8,0,0,mia,5
618,Tyrod Taylor,3,14,4.7,9,0,0,mia,5
619,Wan'Dale Robinson,1,1,1.0,1,0,0,mia,5
620,Zack Moss,23,165,7.2,56,2,0,ten,5
621,Jonathan Taylor,6,18,3.0,5,0,0,ten,5
622,Anthony Richardson,2,5,2.5,4,0,0,ten,5
623,Isaiah McKenzie,1,4,4.0,4,0,0,ten,5
624,Gardner Minshew II,2,1,0.5,2,0,0,ten,5
625,Derrick Henry,13,43,3.3,8,0,0,ind,5
626,Tyjae Spears,7,34,4.9,19,1,0,ind,5
627,Ryan Tannehill,2,12,6.0,13,0,0,ind,5
628,Josh Allen,4,14,3.5,7,1,0,jax,5
629,Damien Harris,3,13,4.3,6,0,0,jax,5
630,Latavius Murray,2,6,3.0,4,0,0,jax,5
631,James Cook,5,-4,-0.8,5,0,0,jax,5
632,Travis Etienne Jr.,26,136,5.2,35,2,0,buf,5
633,Trevor Lawrence,7,31,4.4,11,0,0,buf,5
634,Calvin Ridley,2,14,7.0,11,0,0,buf,5
635,Tank Bigsby,3,8,2.7,7,0,0,buf,5
636,Christian Kirk,1,6,6.0,6,0,0,buf,5
637,Jamal Agnew,1,1,1.0,1,0,0,buf,5
638,Bijan Robinson,14,46,3.3,13,0,1,hou,5
639,Tyler Allgeier,17,40,2.4,12,0,0,hou,5
640,Desmond Ridder,4,10,2.5,7,1,0,hou,5
641,KhaDarel Hodge,1,0,0.0,0,0,0,hou,5
642,Dameon Pierce,20,66,3.3,15,0,0,atl,5
643,C.J. Stroud,1,2,2.0,2,0,0,atl,5
644,Tank Dell,2,-4,-2.0,1,0,0,atl,5
645,David Montgomery,19,109,5.7,42,1,0,car,5
646,Craig Reynolds,7,52,7.4,19,1,0,car,5
647,Jared Goff,2,0,0.0,1,1,0,car,5
648,Teddy Bridgewater,2,-2,-1.0,-1,0,0,car,5
649,Chuba Hubbard,9,35,3.9,6,0,0,det,5
650,Miles Sanders,7,32,4.6,9,0,1,det,5
651,Laviska Shenault Jr.,5,27,5.4,11,0,0,det,5
652,Bryce Young,1,4,4.0,4,0,0,det,5
653,Andy Dalton,1,1,1.0,1,0,0,det,5
654,Alvin Kamara,17,62,3.6,17,0,0,jax,7
655,Taysom Hill,5,18,3.6,6,1,0,jax,7
656,Jamaal Williams,5,14,2.8,4,0,0,jax,7
657,Derek Carr,3,14,4.7,10,0,0,jax,7
658,Rashid Shaheed,1,4,4.0,4,0,0,jax,7
659,Trevor Lawrence,8,59,7.4,26,0,0,no,7
660,Travis Etienne Jr.,14,53,3.8,17,2,0,no,7
661,Tank Bigsby,2,2,1.0,2,0,0,no,7
662,Calvin Ridley,1,0,0.0,0,0,0,no,7
663,Jamal Agnew,1,-1,-1.0,-1,0,0,no,7
664,D'Andre Swift,15,62,4.1,22,0,0,mia,7
665,Jalen Hurts,11,21,1.9,12,1,0,mia,7
666,Kenneth Gainwell,8,16,2.0,5,1,0,mia,7
667,Raheem Mostert,9,45,5.0,21,0,0,phi,7
668,Salvon Ahmed,2,3,1.5,2,0,0,phi,7
669,Tua Tagovailoa,1,-3,-3.0,-3,0,0,phi,7
670,Alexander Mattison,8,39,4.9,19,0,0,sf,7
671,Cam Akers,10,31,3.1,13,0,0,sf,7
672,Brandon Powell,1,5,5.0,5,0,0,sf,7
673,Kirk Cousins,2,-1,-0.5,0,0,0,sf,7
674,Christian McCaffrey,15,45,3.0,9,1,1,min,7
675,Brock Purdy,5,19,3.8,17,0,0,min,7
676,George Kittle,1,2,2.0,2,0,0,min,7
677,Elijah Mitchell,1,-1,-1.0,-1,0,0,min,7
678,Kenneth Walker III,26,105,4.0,25,0,0,ari,7
679,Geno Smith,6,10,1.7,5,0,1,ari,7
680,Emari Demercado,13,58,4.5,18,0,0,sea,7
681,Joshua Dobbs,7,43,6.1,25,1,0,sea,7
682,Rondale Moore,4,24,6.0,15,0,0,sea,7
683,Damien Williams,1,2,2.0,2,0,0,sea,7
684,Royce Freeman,12,66,5.5,15,0,0,pit,7
685,Darrell Henderson Jr.,18,61,3.4,16,1,0,pit,7
686,Matthew Stafford,1,8,8.0,8,0,0,pit,7
687,Najee Harris,14,53,3.8,10,1,0,lar,7
688,Jaylen Warren,6,32,5.3,13,1,0,lar,7
689,Calvin Austin III,1,1,1.0,1,0,0,lar,7
690,Kenny Pickett,8,0,0.0,2,1,0,lar,7
691,Isiah Pacheco,13,32,2.5,6,0,0,lac,7
692,Patrick Mahomes,4,29,7.3,23,0,0,lac,7
693,Clyde Edwards-Helaire,2,5,2.5,7,0,0,lac,7
694,Jerick McKinnon,2,2,1.0,3,0,0,lac,7
695,Joshua Kelley,7,75,10.7,49,1,0,kc,7
696,Austin Ekeler,14,45,3.2,6,0,0,kc,7
697,Derius Davis,3,14,4.7,11,0,0,kc,7
698,Justin Herbert,2,5,2.5,6,0,0,kc,7
699,Javonte Williams,15,82,5.5,21,0,0,gb,7
700,Jaleel McLaughlin,5,45,9.0,23,0,0,gb,7
701,Russell Wilson,1,21,21.0,21,0,0,gb,7
702,Samaje Perine,2,10,5.0,5,0,0,gb,7
703,Michael Burton,1,-2,-2.0,-2,0,0,gb,7
704,Marvin Mims Jr.,1,-11,-11.0,-11,0,0,gb,7
705,AJ Dillon,15,61,4.1,15,0,0,den,7
706,Aaron Jones,8,35,4.4,11,0,0,den,7
707,Jordan Love,3,21,7.0,10,0,0,den,7
708,Emanuel Wilson,2,19,9.5,14,0,0,den,7
709,Dontayvion Wicks,1,1,1.0,1,0,0,den,7
710,Rachaad White,13,34,2.6,13,0,0,atl,7
711,Baker Mayfield,3,32,10.7,31,0,0,atl,7
712,Ke'Shawn Vaughn,4,7,1.8,9,0,0,atl,7
713,Tyler Allgeier,21,59,2.8,12,0,0,tb,7
714,Cordarrelle Patterson,10,56,5.6,18,0,0,tb,7
715,Desmond Ridder,6,38,6.3,19,1,2,tb,7
716,Bijan Robinson,1,3,3.0,3,0,0,tb,7
717,D'Onta Foreman,16,89,5.6,14,2,0,lv,7
718,Darrynton Evans,14,48,3.4,11,0,0,lv,7
719,Tyson Bagent,3,24,8.0,12,0,0,lv,7
720,Tyler Scott,2,14,7.0,8,0,0,lv,7
721,Darnell Mooney,1,2,2.0,2,0,0,lv,7
722,Nathan Peterman,2,-4,-2.0,-2,0,0,lv,7
723,Josh Jacobs,11,35,3.2,11,0,0,chi,7
724,Zamir White,2,2,1.0,2,0,0,chi,7
725,Tre Tucker,1,2,2.0,2,0,0,chi,7
726,Saquon Barkley,21,77,3.7,12,0,1,was,7
727,Tyrod Taylor,8,25,3.1,20,0,0,was,7
728,Matt Breida,3,4,1.3,6,0,0,was,7
729,Chris Rodriguez Jr.,7,31,4.4,9,0,0,nyg,7
730,Brian Robinson Jr.,8,23,2.9,6,1,0,nyg,7
731,Sam Howell,2,15,7.5,11,0,0,nyg,7
732,Antonio Gibson,2,7,3.5,6,0,0,nyg,7
733,Jonathan Taylor,18,75,4.2,24,1,0,cle,7
734,Zack Moss,18,57,3.2,21,0,0,cle,7
735,Gardner Minshew II,3,29,9.7,17,2,0,cle,7
736,Isaiah McKenzie,1,7,7.0,7,0,0,cle,7
737,Jerome Ford,11,74,6.7,69,1,0,ind,7
738,Kareem Hunt,10,31,3.1,11,2,0,ind,7
739,Pierre Strong Jr.,8,25,3.1,13,0,0,ind,7
740,Marquise Goodwin,1,17,17.0,17,0,0,ind,7
741,P.J. Walker,3,3,1.0,4,0,0,ind,7
742,Gus Edwards,14,64,4.6,20,1,0,det,7
743,Justice Hill,4,46,11.5,27,0,0,det,7
744,Lamar Jackson,9,36,4.0,10,1,1,det,7
745,Jahmyr Gibbs,11,68,6.2,21,1,0,bal,7
746,Craig Reynolds,3,16,5.3,12,0,0,bal,7
747,James Cook,14,71,5.1,14,0,0,nyg,6
748,Latavius Murray,12,45,3.8,12,0,0,nyg,6
749,Josh Allen,2,11,5.5,6,0,0,nyg,6
750,Damien Harris,1,1,1.0,1,0,0,nyg,6
751,Saquon Barkley,24,93,3.9,34,0,0,buf,6
752,Tyrod Taylor,5,24,4.8,7,0,0,buf,6
753,Matt Breida,4,13,3.3,6,0,0,buf,6
754,Eric Gray,1,2,2.0,2,0,0,buf,6
755,Austin Ekeler,14,27,1.9,6,0,0,dal,6
756,Justin Herbert,6,20,3.3,9,0,0,dal,6
757,Gerald Everett,1,2,2.0,2,0,0,dal,6
758,Joshua Kelley,1,2,2.0,2,0,0,dal,6
759,Isaiah Spiller,1,2,2.0,2,0,0,dal,6
760,Dak Prescott,7,40,5.7,18,1,0,lac,6
761,Tony Pollard,15,30,2.0,7,0,0,lac,6
762,Brandin Cooks,1,14,14.0,14,0,0,lac,6
763,Rico Dowdle,3,12,4.0,7,0,0,lac,6
764,Isiah Pacheco,16,62,3.9,15,0,0,den,6
765,Patrick Mahomes,6,31,5.2,15,0,0,den,6
766,Clyde Edwards-Helaire,2,7,3.5,7,0,0,den,6
767,Noah Gray,1,1,1.0,1,0,0,den,6
768,Kadarius Toney,2,-5,-2.5,-2,0,0,den,6
769,Javonte Williams,10,52,5.2,18,0,0,kc,6
770,Russell Wilson,4,31,7.8,12,0,0,kc,6
771,Jaleel McLaughlin,7,30,4.3,9,0,0,kc,6
772,Michael Burton,2,2,1.0,3,0,0,kc,6
773,Rhamondre Stevenson,9,34,3.8,14,0,0,buf,7
774,Ezekiel Elliott,11,31,2.8,10,1,0,buf,7
775,Demario Douglas,1,20,20.0,20,0,0,buf,7
776,Mac Jones,3,11,3.7,5,0,0,buf,7
777,James Cook,13,56,4.3,20,0,0,ne,7
778,Josh Allen,7,17,2.4,7,1,1,ne,7
779,Latavius Murray,4,8,2.0,3,0,0,ne,7
780,Rachaad White,7,26,3.7,8,0,0,det,6
781,Ke'Shawn Vaughn,6,9,1.5,7,0,0,det,6
782,Baker Mayfield,2,6,3.0,3,0,0,det,6
783,Deven Thompkins,1,5,5.0,5,0,0,det,6
784,Craig Reynolds,10,15,1.5,8,0,0,tb,6
785,David Montgomery,6,14,2.3,6,0,0,tb,6
786,Devine Ozigbo,3,5,1.7,4,0,0,tb,6
787,Jared Goff,2,3,1.5,4,0,0,tb,6
788,Kalif Raymond,1,3,3.0,3,0,0,tb,6
789,Breece Hall,12,39,3.3,9,1,0,phi,6
790,Xavier Gipson,1,18,18.0,18,0,0,phi,6
791,Zach Wilson,4,15,3.8,9,0,0,phi,6
792,Dalvin Cook,3,12,4.0,8,0,0,phi,6
793,Michael Carter,1,5,5.0,5,0,0,phi,6
794,Jalen Hurts,8,47,5.9,11,1,0,nyj,6
795,D'Andre Swift,10,18,1.8,9,0,0,nyj,6
796,Kenneth Gainwell,2,13,6.5,12,0,0,nyj,6
797,Boston Scott,2,2,1.0,9,0,0,nyj,6
798,Devin Singletary,12,58,4.8,17,0,0,no,6
799,Dameon Pierce,13,34,2.6,8,0,0,no,6
800,Xavier Hutchinson,2,15,7.5,12,0,0,no,6
801,Mike Boone,1,11,11.0,11,0,0,no,6
802,C.J. Stroud,3,2,0.7,2,0,0,no,6
803,Alvin Kamara,19,68,3.6,13,0,0,hou,6
804,Rashid Shaheed,2,18,9.0,12,0,0,hou,6
805,Derek Carr,1,2,2.0,2,0,0,hou,6
806,Taysom Hill,1,2,2.0,2,0,0,hou,6
807,Kendre Miller,2,-1,-0.5,3,0,0,hou,6
808,Josh Jacobs,25,77,3.1,18,0,0,ne,6
809,Jimmy Garoppolo,2,4,2.0,2,0,0,ne,6
810,Tre Tucker,1,4,4.0,4,0,0,ne,6
811,Zamir White,2,2,1.0,1,0,0,ne,6
812,Brian Hoyer,3,-3,-1.0,-1,0,0,ne,6
813,Rhamondre Stevenson,10,46,4.6,15,1,0,lv,6
814,Ezekiel Elliott,7,34,4.9,8,1,0,lv,6
815,Kendrick Bourne,1,4,4.0,4,0,0,lv,6
816,Mac Jones,1,-1,-1.0,-1,0,0,lv,6
817,Kyren Williams,20,158,7.9,31,1,0,ari,6
818,Zach Evans,4,10,2.5,3,0,0,ari,6
819,Ronnie Rivers,3,9,3.0,6,0,0,ari,6
820,Matthew Stafford,1,2,2.0,2,0,0,ari,6
821,Joshua Dobbs,7,47,6.7,24,0,0,lar,6
822,Keaontay Ingram,10,40,4.0,12,0,0,lar,6
823,Damien Williams,8,36,4.5,9,0,0,lar,6
824,Emari Demercado,2,11,5.5,6,0,0,lar,6
825,Rondale Moore,3,-4,-1.3,1,0,0,lar,6
826,Travis Etienne Jr.,18,55,3.1,22,2,0,ind,6
827,D'Ernest Johnson,1,19,19.0,19,0,0,ind,6
828,Trevor Lawrence,3,15,5.0,8,0,0,ind,6
829,Tank Bigsby,3,2,0.7,3,0,0,ind,6
830,C.J. Beathard,3,-2,-0.7,0,0,0,ind,6
831,Calvin Ridley,1,-4,-4.0,-4,0,0,ind,6
832,Zack Moss,7,21,3.0,9,1,0,jax,6
833,Jonathan Taylor,8,19,2.4,5,0,0,jax,6
834,Gardner Minshew II,2,4,2.0,2,0,0,jax,6
835,Raheem Mostert,17,115,6.8,49,2,0,car,6
836,Chris Brooks,6,28,4.7,28,0,0,car,6
837,Salvon Ahmed,6,23,3.8,9,1,0,car,6
838,Tua Tagovailoa,1,0,0.0,0,0,0,car,6
839,Mike White,3,-4,-1.3,-1,0,0,car,6
840,Chuba Hubbard,19,88,4.6,19,1,0,mia,6
841,Raheem Blackshear,5,18,3.6,9,0,0,mia,6
842,Laviska Shenault Jr.,1,2,2.0,2,0,0,mia,6
843,Joe Mixon,12,38,3.2,5,0,0,sea,6
844,Joe Burrow,2,4,2.0,5,0,0,sea,6
845,Chase Brown,1,4,4.0,4,0,0,sea,6
846,Kenneth Walker III,19,62,3.3,21,1,0,cin,6
847,Geno Smith,4,20,5.0,11,0,0,cin,6
848,Zach Charbonnet,2,5,2.5,3,0,0,cin,6
849,Derrick Henry,12,97,8.1,63,1,0,bal,6
850,Malik Willis,3,17,5.7,11,0,0,bal,6
851,Tyjae Spears,4,15,3.8,12,0,0,bal,6
852,Lamar Jackson,13,62,4.8,12,0,0,ten,6
853,Gus Edwards,16,41,2.6,8,0,0,ten,6
854,Justice Hill,8,35,4.4,10,0,0,ten,6
855,Zay Flowers,1,1,1.0,1,0,0,ten,6
856,Mark Andrews,1,0,0.0,0,0,0,ten,6
857,D'Onta Foreman,15,65,4.3,10,0,0,min,6
858,Justin Fields,8,46,5.8,13,0,0,min,6
859,Darrynton Evans,9,32,3.6,12,0,0,min,6
860,Velus Jones Jr.,2,15,7.5,17,0,0,min,6
861,Tyson Bagent,2,4,2.0,3,1,0,min,6
862,Alexander Mattison,18,44,2.4,8,0,0,chi,6
863,Cam Akers,1,8,8.0,8,0,0,chi,6
864,Brandon Powell,1,-1,-1.0,-1,0,0,chi,6
865,Kirk Cousins,2,-5,-2.5,1,0,0,chi,6
866,Jerome Ford,17,84,4.9,22,0,0,sf,6
867,Kareem Hunt,12,47,3.9,16,1,0,sf,6
868,Marquise Goodwin,1,20,20.0,20,0,0,sf,6
869,Elijah Moore,1,8,8.0,8,0,0,sf,6
870,P.J. Walker,3,1,0.3,1,0,0,sf,6
871,Christian McCaffrey,11,43,3.9,27,0,0,cle,6
872,Jordan Mason,5,27,5.4,10,1,0,cle,6
873,Ray-Ray McCloud III,2,23,11.5,15,0,0,cle,6
874,Deebo Samuel,2,11,5.5,8,0,0,cle,6
875,Brock Purdy,3,7,2.3,5,0,0,cle,6
876,Elijah Mitchell,2,-3,-1.5,0,0,0,cle,6
877,Tyler Allgeier,13,51,3.9,11,0,0,was,6
878,Bijan Robinson,13,37,2.8,9,0,0,was,6
879,Desmond Ridder,2,18,9.0,13,0,0,was,6
880,Cordarrelle Patterson,1,0,0.0,0,0,0,was,6
881,Brian Robinson Jr.,10,31,3.1,9,0,0,atl,6
882,Chris Rodriguez Jr.,4,23,5.8,13,0,0,atl,6
883,Antonio Gibson,3,15,5.0,9,0,0,atl,6
884,Sam Howell,4,3,0.8,4,0,0,atl,6
885,Curtis Samuel,1,0,0.0,0,0,0,atl,6
886,Javonte Williams,27,85,3.1,15,0,0,kc,8
887,Jaleel McLaughlin,4,33,8.3,13,0,0,kc,8
888,Russell Wilson,8,30,3.8,8,0,0,kc,8
889,Samaje Perine,1,5,5.0,5,0,0,kc,8
890,Isiah Pacheco,8,40,5.0,19,0,0,den,8
891,Patrick Mahomes,3,20,6.7,8,0,0,den,8
892,Clyde Edwards-Helaire,1,4,4.0,4,0,0,den,8
893,Mecole Hardman Jr.,1,3,3.0,3,0,0,den,8
894,Jerick McKinnon,2,-2,-1.0,1,0,0,den,8
895,Kadarius Toney,1,-3,-3.0,-3,0,0,den,8
896,James Cook,14,67,4.8,18,0,0,tb,8
897,Josh Allen,7,41,5.9,13,1,0,tb,8
898,Latavius Murray,5,7,1.4,5,0,0,tb,8
899,Rachaad White,9,39,4.3,15,0,0,buf,8
900,Baker Mayfield,3,19,6.3,11,0,0,buf,8
901,Chris Godwin,1,14,14.0,14,0,0,buf,8
902,Chase Edmonds,3,5,1.7,2,0,0,buf,8
903,Ke'Shawn Vaughn,1,1,1.0,1,0,0,buf,8
904,Jahmyr Gibbs,26,152,5.8,27,1,0,lv,8
905,Craig Reynolds,14,74,5.3,13,0,1,lv,8
906,Jared Goff,2,-2,-1.0,-1,0,0,lv,8
907,Kalif Raymond,1,-2,-2.0,-2,0,0,lv,8
908,Josh Jacobs,15,61,4.1,9,1,0,det,8
909,Jimmy Garoppolo,2,12,6.0,9,0,0,det,8
910,Ameer Abdullah,1,7,7.0,7,0,0,det,8
911,Emari Demercado,20,78,3.9,13,0,0,bal,8
912,Joshua Dobbs,6,26,4.3,13,1,0,bal,8
913,Rondale Moore,2,11,5.5,6,0,0,bal,8
914,Keaontay Ingram,2,9,4.5,14,0,0,bal,8
915,Damien Williams,2,5,2.5,7,0,0,bal,8
916,Gus Edwards,19,80,4.2,10,3,0,ari,8
917,Rashod Bateman,1,18,18.0,18,0,0,ari,8
918,Lamar Jackson,5,17,3.4,13,0,0,ari,8
919,Justice Hill,4,15,3.8,7,0,0,ari,8
920,Austin Ekeler,15,29,1.9,7,0,0,chi,8
921,Joshua Kelley,6,21,3.5,5,0,0,chi,8
922,Isaiah Spiller,3,3,1.0,2,0,0,chi,8
923,Justin Herbert,1,1,1.0,1,0,0,chi,8
924,D'Onta Foreman,9,34,3.8,12,0,0,lac,8
925,Roschon Johnson,6,21,3.5,11,0,0,lac,8
926,Darrynton Evans,4,18,4.5,11,1,0,lac,8
927,Darnell Mooney,1,3,3.0,3,0,0,lac,8
928,Tyson Bagent,4,-1,-0.3,1,1,0,lac,8
929,Trent Taylor,1,-2,-2.0,-2,0,0,lac,8
930,Brock Purdy,6,57,9.5,16,0,0,cin,8
931,Christian McCaffrey,12,54,4.5,16,1,0,cin,8
932,Elijah Mitchell,3,2,0.7,5,0,0,cin,8
933,Kyle Juszczyk,2,0,0.0,1,0,0,cin,8
934,Joe Mixon,16,87,5.4,20,1,0,sf,8
935,Joe Burrow,6,43,7.2,20,0,0,sf,8
936,Trayveon Williams,2,6,3.0,7,0,0,sf,8
937,Tyler Boyd,1,6,6.0,6,0,0,sf,8
938,Ja'Marr Chase,2,-8,-4.0,0,0,0,sf,8
939,Brian Robinson Jr.,10,59,5.9,29,0,0,phi,8
940,Antonio Gibson,2,14,7.0,8,0,0,phi,8
941,Sam Howell,3,11,3.7,5,0,0,phi,8
942,Dyami Brown,1,0,0.0,0,0,0,phi,8
943,D'Andre Swift,16,57,3.6,9,1,0,was,8
944,Jalen Hurts,4,6,1.5,7,0,1,was,8
945,Kenneth Gainwell,2,-4,-2.0,0,0,1,was,8
946,Kenneth Walker III,8,66,8.3,45,0,0,cle,8
947,Zach Charbonnet,5,53,10.6,21,0,0,cle,8
948,Jake Bobo,1,3,3.0,3,1,0,cle,8
949,Geno Smith,2,-3,-1.5,-1,0,0,cle,8
950,Dee Eskridge,1,-5,-5.0,-5,0,0,cle,8
951,Kareem Hunt,14,55,3.9,9,1,0,sea,8
952,Pierre Strong Jr.,10,41,4.1,12,0,0,sea,8
953,Jerome Ford,9,37,4.1,12,0,0,sea,8
954,P.J. Walker,6,27,4.5,9,0,0,sea,8
955,Marquise Goodwin,1,-5,-5.0,-5,0,0,sea,8
956,Derrick Henry,22,101,4.6,14,0,0,atl,8
957,Tyjae Spears,3,27,9.0,23,0,0,atl,8
958,Will Levis,7,11,1.6,5,0,0,atl,8
959,Malik Willis,2,4,2.0,4,0,1,atl,8
960,Chig Okonkwo,1,4,4.0,4,0,0,atl,8
961,Amani Hooker,1,2,2.0,2,0,0,atl,8
962,Bijan Robinson,11,62,5.6,25,1,0,ten,8
963,Tyler Allgeier,8,31,3.9,9,0,0,ten,8
964,Desmond Ridder,3,26,8.7,23,0,0,ten,8
965,Taylor Heinicke,2,14,7.0,11,0,0,ten,8
966,Cordarrelle Patterson,2,7,3.5,4,0,0,ten,8
967,Jaylen Warren,5,19,3.8,8,0,0,jax,8
968,Mitch Trubisky,3,18,6.0,8,0,0,jax,8
969,Najee Harris,7,13,1.9,3,0,0,jax,8
970,Calvin Austin III,2,10,5.0,10,0,0,jax,8
971,Kenny Pickett,1,10,10.0,10,0,0,jax,8
972,Travis Etienne Jr.,24,79,3.3,13,0,0,pit,8
973,Trevor Lawrence,1,10,10.0,10,0,0,pit,8
974,Tank Bigsby,3,9,3.0,9,0,1,pit,8
975,D'Ernest Johnson,2,8,4.0,4,0,0,pit,8
976,Saquon Barkley,36,128,3.6,34,0,0,nyj,8
977,Tyrod Taylor,5,33,6.6,17,0,0,nyj,8
978,Wan'Dale Robinson,2,17,8.5,10,0,0,nyj,8
979,Matt Breida,5,13,2.6,6,0,0,nyj,8
980,Tommy DeVito,4,12,3.0,6,1,0,nyj,8
981,Zach Wilson,4,25,6.3,17,0,1,nyg,8
982,Breece Hall,12,17,1.4,5,0,0,nyg,8
983,Garrett Wilson,1,6,6.0,6,0,0,nyg,8
984,Dalvin Cook,2,5,2.5,4,0,0,nyg,8
985,Xavier Gipson,1,3,3.0,3,0,0,nyg,8
986,Michael Carter,2,2,1.0,1,0,0,nyg,8
987,Raheem Mostert,13,46,3.5,10,1,0,ne,8
988,Jeff Wilson Jr.,5,23,4.6,11,0,0,ne,8
989,Tua Tagovailoa,6,8,1.3,8,0,1,ne,8
990,Salvon Ahmed,2,1,0.5,2,0,0,ne,8
991,Rhamondre Stevenson,10,39,3.9,11,0,0,mia,8
992,Ezekiel Elliott,7,36,5.1,17,0,0,mia,8
993,Demario Douglas,1,4,4.0,4,0,0,mia,8
994,Mac Jones,1,-2,-2.0,-2,0,0,mia,8
995,Jordan Love,4,34,8.5,15,0,0,min,8
996,Aaron Jones,7,29,4.1,7,0,0,min,8
997,AJ Dillon,6,11,1.8,7,0,0,min,8
998,Alexander Mattison,16,31,1.9,10,0,0,gb,8
999,Cam Akers,9,19,2.1,9,1,0,gb,8
1000,Kirk Cousins,2,9,4.5,7,0,0,gb,8
1001,Jordan Addison,1,2,2.0,2,0,0,gb,8
1002,Brandon Powell,1,2,2.0,2,0,0,gb,8
1003,Jaren Hall,2,-1,-0.5,0,0,0,gb,8
1004,Jonathan Taylor,12,95,7.9,42,0,0,no,8
1005,Zack Moss,11,66,6.0,41,1,0,no,8
1006,Gardner Minshew II,1,3,3.0,3,0,0,no,8
1007,Taysom Hill,9,63,7.0,20,2,0,ind,8
1008,Alvin Kamara,17,59,3.5,16,1,0,ind,8
1009,Jamaal Williams,6,30,5.0,10,0,0,ind,8
1010,Kendre Miller,3,10,3.3,7,0,0,ind,8
1011,Derek Carr,1,-1,-1.0,-1,0,0,ind,8
1012,Chuba Hubbard,15,28,1.9,8,0,0,hou,8
1013,Bryce Young,4,11,2.8,7,0,0,hou,8
1014,Raheem Blackshear,3,5,1.7,6,0,0,hou,8
1015,Miles Sanders,2,0,0.0,4,0,0,hou,8
1016,Dameon Pierce,12,46,3.8,16,0,0,car,8
1017,Devin Singletary,10,30,3.0,9,0,0,car,8
1018,Tank Dell,3,15,5.0,11,0,0,car,8
1019,C.J. Stroud,2,13,6.5,12,1,0,car,8
1020,Mike Boone,1,5,5.0,5,0,0,car,8
1021,Andrew Beck,2,1,0.5,1,1,0,car,8
1022,Tony Pollard,12,53,4.4,13,0,0,lar,8
1023,Dak Prescott,4,19,4.8,9,0,0,lar,8
1024,Rico Dowdle,5,18,3.6,7,0,0,lar,8
1025,CeeDee Lamb,1,12,12.0,12,0,0,lar,8
1026,Brandin Cooks,1,3,3.0,3,0,0,lar,8
1027,Cooper Rush,3,-3,-1.0,-1,0,0,lar,8
1028,Royce Freeman,9,44,4.9,10,1,0,dal,8
1029,Darrell Henderson Jr.,12,31,2.6,7,0,0,dal,8
1030,Matthew Stafford,1,9,9.0,9,0,0,dal,8
1031,Tutu Atwell,2,8,4.0,8,0,0,dal,8
1032,B. Hall,16,50,3.1,10,0,0,lac,9
1033,D. Cook,2,7,3.5,4,0,0,lac,9
1034,Z. Wilson,2,7,3.5,7,0,0,lac,9
1035,A. Ekeler,14,47,3.4,20,2,0,nyj,9
1036,J. Kelley,3,18,6.0,12,0,0,nyj,9
1037,J. Herbert,3,17,5.7,10,0,0,nyj,9
1038,Q. Johnston,1,2,2.0,2,0,0,nyj,9
1039,J. Warren,11,88,8.0,22,0,0,ten,9
1040,N. Harris,16,69,4.3,25,1,0,ten,9
1041,C. Austin III,2,10,5.0,8,0,0,ten,9
1042,K. Pickett,1,-1,-1.0,-1,0,0,ten,9
1043,D. Henry,17,75,4.4,15,1,0,pit,9
1044,T. Spears,5,18,3.6,8,0,0,pit,9
1045,T. Burks,1,5,5.0,5,0,0,pit,9
1046,D. Hopkins,1,5,5.0,5,0,0,pit,9
1047,W. Levis,1,2,2.0,2,0,0,pit,9
1048,C. Hubbard,16,58,3.6,20,0,0,ind,9
1049,B. Young,5,41,8.2,13,0,0,ind,9
1050,M. Sanders,6,39,6.5,11,0,0,ind,9
1051,R. Blackshear,1,0,0.0,0,0,0,ind,9
1052,J. Taylor,18,47,2.6,13,0,0,car,9
1053,Z. Moss,7,26,3.7,8,0,0,car,9
1054,G. Minshew II,5,5,1.0,7,0,0,car,9
1055,J. Jacobs,26,98,3.8,15,2,0,nyg,9
1056,J. Meyers,1,17,17.0,17,1,0,nyg,9
1057,A. Abdullah,2,8,4.0,5,0,0,nyg,9
1058,T. Tucker,1,4,4.0,4,0,0,nyg,9
1059,Z. White,4,-2,-0.5,5,0,0,nyg,9
1060,S. Barkley,16,90,5.6,26,0,0,lv,9
1061,T. DeVito,4,17,4.3,5,0,0,lv,9
1062,D. Jones,2,9,4.5,9,0,0,lv,9
1063,M. Breida,2,5,2.5,3,0,0,lv,9
1064,D. Jackson,1,2,2.0,2,0,0,lv,9
1065,T. Hill,11,52,4.7,14,0,0,chi,9
1066,A. Kamara,9,26,2.9,13,0,0,chi,9
1067,J. Williams,3,6,2.0,3,0,0,chi,9
1068,D. Carr,3,3,1.0,4,0,0,chi,9
1069,K. Miller,1,0,0.0,0,0,0,chi,9
1070,D. Foreman,20,83,4.2,22,0,0,no,9
1071,T. Bagent,8,70,8.8,20,0,0,no,9
1072,R. Johnson,2,6,3.0,4,0,0,no,9
1073,D. Evans,1,2,2.0,2,0,0,no,9
1074,T. Scott,1,-5,-5.0,-5,0,0,no,9
1075,J. Mixon,14,37,2.6,12,1,0,buf,9
1076,T. Williams,3,13,4.3,7,0,0,buf,9
1077,J. Burrow,5,4,0.8,7,0,0,buf,9
1078,J. Allen,8,44,5.5,11,1,0,cin,9
1079,J. Cook,6,20,3.3,8,0,0,cin,9
1080,L. Murray,2,4,2.0,2,0,0,cin,9
1081,R. Stevenson,9,87,9.7,64,1,0,was,9
1082,E. Elliott,6,17,2.8,8,0,0,was,9
1083,M. Jones,3,3,1.0,3,0,0,was,9
1084,D. Douglas,1,0,0.0,0,0,0,was,9
1085,B. Robinson Jr.,18,63,3.5,9,1,1,ne,9
1086,A. Gibson,6,34,5.7,12,0,0,ne,9
1087,S. Howell,5,27,5.4,24,0,0,ne,9
1088,D. Swift,18,43,2.4,8,0,0,dal,9
1089,J. Hurts,10,36,3.6,6,1,0,dal,9
1090,K. Gainwell,3,22,7.3,12,1,0,dal,9
1091,R. Penny,2,8,4.0,6,0,0,dal,9
1092,T. Pollard,12,51,4.3,15,0,0,phi,9
1093,D. Prescott,6,14,2.3,6,0,0,phi,9
1094,R. Dowdle,2,8,4.0,5,0,0,phi,9
1095,K. Turpin,1,0,0.0,0,0,0,phi,9
1096,A. Jones,20,73,3.6,9,1,1,lar,9
1097,E. Wilson,4,43,10.8,31,0,0,lar,9
1098,A. Dillon,9,40,4.4,12,0,0,lar,9
1099,J. Reed,1,21,21.0,21,0,0,lar,9
1100,J. Love,4,7,1.8,8,0,0,lar,9
1101,R. Freeman,12,32,2.7,7,0,0,gb,9
1102,D. Henderson Jr.,10,19,1.9,6,0,0,gb,9
1103,B. Rypien,3,19,6.3,8,0,0,gb,9
1104,B. Skowronek,1,-2,-2.0,-2,0,0,gb,9
1105,J. Ford,20,44,2.2,9,0,0,ari,9
1106,K. Hunt,14,38,2.7,10,1,0,ari,9
1107,D. Watson,3,22,7.3,13,0,0,ari,9
1108,P. Strong Jr.,3,9,3.0,4,0,0,ari,9
1109,C. Tune,5,28,5.6,11,0,0,cle,9
1110,K. Ingram,9,8,0.9,11,0,0,cle,9
1111,R. Moore,4,3,0.8,4,0,0,cle,9
1112,T. Jones Jr.,3,2,0.7,4,0,0,cle,9
1113,D. Singletary,13,26,2.0,9,0,0,tb,9
1114,X. Hutchinson,1,12,12.0,12,0,0,tb,9
1115,C. Stroud,0,10,0.0,10,0,0,tb,9
1116,M. Boone,1,3,3.0,3,0,0,tb,9
1117,T. Dell,2,2,1.0,2,0,0,tb,9
1118,R. White,20,73,3.6,16,2,0,hou,9
1119,K. Vaughn,4,9,2.3,4,0,0,hou,9
1120,B. Mayfield,4,4,1.0,5,0,0,hou,9
1121,C. Edmonds,3,-5,-1.7,2,0,0,hou,9
1122,I. Pacheco,16,66,4.1,9,0,0,mia,9
1123,P. Mahomes,6,24,4.0,16,0,0,mia,9
1124,J. McKinnon,1,2,2.0,2,0,0,mia,9
1125,L. Perine,1,1,1.0,1,0,0,mia,9
1126,R. Mostert,12,85,7.1,25,1,0,kc,9
1127,J. Waddle,1,12,12.0,12,0,0,kc,9
1128,T. Tagovailoa,2,7,3.5,7,0,0,kc,9
1129,J. Wilson Jr.,2,6,3.0,6,0,0,kc,9
1130,S. Ahmed,3,4,1.3,9,0,0,kc,9
1131,T. Hill,1,3,3.0,3,0,0,kc,9
1132,B. Robinson,11,51,4.6,14,0,1,min,9
1133,T. Allgeier,12,39,3.3,13,1,0,min,9
1134,T. Heinicke,3,20,6.7,13,0,0,min,9
1135,C. Patterson,1,0,0.0,0,0,0,min,9
1136,J. Smith,1,0,0.0,0,0,0,min,9
1137,J. Dobbs,7,66,9.4,22,1,0,atl,9
1138,A. Mattison,16,44,2.8,8,0,0,atl,9
1139,C. Akers,8,25,3.1,19,0,0,atl,9
1140,J. Hall,2,11,5.5,8,0,0,atl,9
1141,K. Mitchell,9,138,15.3,60,1,0,sea,9
1142,L. Jackson,10,60,6.0,23,0,0,sea,9
1143,G. Edwards,5,52,10.4,42,2,0,sea,9
1144,J. Hill,13,40,3.1,9,0,0,sea,9
1145,T. Huntley,4,8,2.0,8,0,0,sea,9
1146,K. Walker III,9,16,1.8,6,0,0,bal,9
1147,Z. Charbonnet,4,8,2.0,4,0,0,bal,9
1148,G. Smith,2,4,2.0,5,0,0,bal,9
1149,J. Conner,16,73,4.6,11,0,0,atl,10
1150,K. Murray,6,33,5.5,13,1,0,atl,10
1151,T. Jones Jr.,1,13,13.0,13,0,0,atl,10
1152,K. Ingram,2,2,1.0,2,0,0,atl,10
1153,C. Tune,1,1,1.0,1,1,0,atl,10
1154,B. Robinson,22,95,4.3,17,1,0,ari,10
1155,T. Heinicke,4,34,8.5,16,0,0,ari,10
1156,T. Allgeier,9,31,3.4,8,0,0,ari,10
1157,C. Patterson,3,13,4.3,6,0,0,ari,10
1158,D. Ridder,3,11,3.7,9,1,0,ari,10
1159,R. Dowdle,12,79,6.6,21,1,0,nyg,10
1160,T. Pollard,15,55,3.7,15,0,0,nyg,10
1161,D. Prescott,2,17,8.5,10,1,0,nyg,10
1162,C. Lamb,1,14,14.0,14,1,0,nyg,10
1163,C. Rush,2,5,2.5,6,0,0,nyg,10
1164,D. Vaughn,1,-2,-2.0,-2,0,0,nyg,10
1165,S. Barkley,13,66,5.1,21,0,0,dal,10
1166,T. DeVito,7,41,5.9,19,0,0,dal,10
1167,M. Breida,1,3,3.0,3,0,0,dal,10
1168,J. Corbin,1,1,1.0,1,0,0,dal,10
1169,W. Robinson,1,0,0.0,0,0,0,dal,10
1170,A. Ekeler,19,67,3.5,17,1,0,det,10
1171,J. Kelley,5,16,3.2,4,0,0,det,10
1172,J. Herbert,4,15,3.8,13,0,0,det,10
1173,D. Montgomery,12,116,9.7,75,1,0,lac,10
1174,J. Gibbs,14,77,5.5,35,2,0,lac,10
1175,A. St. Brown,2,9,4.5,6,0,0,lac,10
1176,J. Goff,3,-2,-0.7,0,0,0,lac,10
1177,D. Foreman,21,80,3.8,11,1,0,car,10
1178,R. Johnson,5,18,3.6,6,0,0,car,10
1179,T. Scott,1,16,16.0,16,0,0,car,10
1180,T. Bagent,6,12,2.0,7,0,0,car,10
1181,D. Evans,2,5,2.5,3,0,0,car,10
1182,C. Kmet,1,1,1.0,1,0,0,car,10
1183,D. Moore,1,1,1.0,1,0,0,car,10
1184,C. Hubbard,9,23,2.6,9,0,0,chi,10
1185,B. Young,3,18,6.0,8,0,0,chi,10
1186,R. Blackshear,2,7,3.5,4,0,0,chi,10
1187,M. Sanders,2,-5,-2.5,1,0,0,chi,10
1188,J. Jacobs,27,116,4.3,40,0,1,nyj,10
1189,D. Carter,1,15,15.0,15,0,0,nyj,10
1190,T. Tucker,1,9,9.0,9,0,0,nyj,10
1191,Z. White,1,5,5.0,5,0,0,nyj,10
1192,A. O'Connell,2,3,1.5,3,0,0,nyj,10
1193,Z. Wilson,4,54,13.5,20,0,0,lv,10
1194,B. Hall,13,28,2.2,7,0,0,lv,10
1195,D. Cook,4,26,6.5,10,0,0,lv,10
1196,J. Cook,12,109,9.1,42,0,0,den,10
1197,L. Murray,9,68,7.6,21,1,0,den,10
1198,J. Allen,4,13,3.3,6,1,1,den,10
1199,T. Johnson,1,2,2.0,2,0,0,den,10
1200,J. Williams,21,79,3.8,11,0,0,buf,10
1201,R. Wilson,9,30,3.3,10,0,0,buf,10
1202,J. McLaughlin,6,8,1.3,5,0,0,buf,10
1203,S. Perine,1,8,8.0,8,0,0,buf,10
1204,M. Mims Jr.,1,-3,-3.0,-3,0,0,buf,10
1205,K. Walker III,19,63,3.3,13,0,0,was,10
1206,Z. Charbonnet,6,44,7.3,12,0,0,was,10
1207,G. Smith,1,13,13.0,13,0,0,was,10
1208,B. Robinson Jr.,8,38,4.8,15,0,0,sea,10
1209,S. Howell,2,17,8.5,15,0,1,sea,10
1210,A. Gibson,4,13,3.3,6,0,0,sea,10
1211,R. White,20,51,2.5,11,0,0,ten,10
1212,B. Mayfield,3,12,4.0,9,0,0,ten,10
1213,C. Edmonds,4,9,2.3,9,0,0,ten,10
1214,D. Thompkins,1,6,6.0,6,0,0,ten,10
1215,K. Trask,1,-1,-1.0,-1,0,0,ten,10
1216,D. Henry,11,24,2.2,8,0,0,tb,10
1217,T. Spears,5,18,3.6,15,0,0,tb,10
1218,J. Mixon,11,46,4.2,15,1,0,hou,10
1219,J. Burrow,5,20,4.0,17,0,0,hou,10
1220,D. Singletary,30,150,5.0,22,1,0,cin,10
1221,X. Hutchinson,1,17,17.0,17,0,0,cin,10
1222,T. Dell,1,13,13.0,13,0,0,cin,10
1223,C. Stroud,2,8,4.0,8,1,1,cin,10
1224,J. Warren,15,101,6.7,20,1,0,gb,10
1225,N. Harris,16,82,5.1,24,1,0,gb,10
1226,K. Pickett,4,16,4.0,11,0,0,gb,10
1227,C. Austin III,1,6,6.0,6,0,0,gb,10
1228,A. Dillon,9,70,7.8,40,0,0,pit,10
1229,A. Jones,13,35,2.7,9,0,0,pit,10
1230,J. Love,2,11,5.5,8,0,0,pit,10
1231,R. Stevenson,20,88,4.4,10,0,0,ind,10
1232,E. Elliott,13,54,4.2,9,0,0,ind,10
1233,M. Jones,3,25,8.3,15,0,0,ind,10
1234,J. Taylor,23,69,3.0,10,1,0,ne,10
1235,Z. Moss,1,2,2.0,2,0,0,ne,10
1236,G. Minshew II,2,-1,-0.5,0,0,0,ne,10
1237,T. Chandler,15,45,3.0,13,1,0,no,10
1238,J. Dobbs,8,44,5.5,11,1,0,no,10
1239,A. Mattison,8,27,3.4,9,0,0,no,10
1240,K. Nwangwu,2,9,4.5,8,0,0,no,10
1241,A. Kamara,9,42,4.7,9,0,0,min,10
1242,D. Carr,1,10,10.0,10,0,0,min,10
1243,J. Williams,4,7,1.8,3,0,0,min,10
1244,T. Hill,1,6,6.0,6,0,0,min,10
1245,T. Etienne Jr.,9,35,3.9,16,0,0,sf,10
1246,D. Johnson,3,12,4.0,5,0,0,sf,10
1247,T. Lawrence,2,7,3.5,4,0,0,sf,10
1248,T. Bigsby,3,5,1.7,3,0,0,sf,10
1249,C. McCaffrey,16,95,5.9,19,0,0,jax,10
1250,D. Samuel,3,29,9.7,23,1,0,jax,10
1251,E. Mitchell,8,23,2.9,8,0,0,jax,10
1252,S. Darnold,3,-3,-1.0,-1,0,0,jax,10
1253,L. Jackson,8,41,5.1,9,0,0,cle,10
1254,K. Mitchell,3,34,11.3,39,1,0,cle,10
1255,G. Edwards,11,24,2.2,6,1,0,cle,10
1256,J. Hill,2,7,3.5,4,0,0,cle,10
1257,J. Ford,17,107,6.3,28,0,0,bal,10
1258,D. Watson,8,37,4.6,16,0,0,bal,10
1259,K. Hunt,10,32,3.2,13,1,0,bal,10
1260,H. Bryant,1,2,2.0,2,0,0,bal,10
1261,R. Mostert,22,86,3.9,10,0,0,lv,11
1262,S. Ahmed,3,6,2.0,3,0,0,lv,11
1263,T. Tagovailoa,2,6,3.0,7,0,1,lv,11
1264,D. Achane,1,1,1.0,1,0,0,lv,11
1265,J. Jacobs,14,39,2.8,9,0,0,mia,11
1266,A. O'Connell,1,3,3.0,3,0,0,mia,11
1267,T. Tucker,1,-6,-6.0,-6,0,0,mia,11
1268,J. Cook,17,73,4.3,12,0,0,nyj,11
1269,L. Murray,10,35,3.5,7,0,0,nyj,11
1270,J. Allen,5,15,3.0,7,0,0,nyj,11
1271,T. Johnson,3,11,3.7,13,0,0,nyj,11
1272,K. Allen,2,-2,-1.0,-1,0,0,nyj,11
1273,D. Harty,1,-2,-2.0,-2,0,0,nyj,11
1274,B. Hall,10,23,2.3,14,0,0,buf,11
1275,Z. Wilson,4,15,3.8,7,0,0,buf,11
1276,D. Cook,2,13,6.5,10,0,0,buf,11
1277,I. Abanikanda,1,11,11.0,11,0,0,buf,11
1278,T. Boyle,1,1,1.0,1,0,0,buf,11
1279,J. Williams,11,37,3.4,15,0,0,min,11
1280,S. Perine,1,7,7.0,7,0,0,min,11
1281,R. Wilson,2,1,0.5,2,0,0,min,11
1282,J. McLaughlin,1,1,1.0,1,0,0,min,11
1283,A. Mattison,18,81,4.5,15,0,1,den,11
1284,T. Chandler,10,73,7.3,31,0,0,den,11
1285,J. Dobbs,8,21,2.6,10,1,1,den,11
1286,I. Pacheco,19,89,4.7,24,0,0,phi,11
1287,P. Mahomes,6,38,6.3,14,0,0,phi,11
1288,C. Edwards-Helaire,2,20,10.0,12,0,0,phi,11
1289,K. Toney,2,14,7.0,14,0,0,phi,11
1290,J. McKinnon,1,7,7.0,7,0,0,phi,11
1291,D. Swift,12,76,6.3,35,1,0,kc,11
1292,J. Hurts,12,29,2.4,10,2,0,kc,11
1293,B. Scott,2,8,4.0,4,0,0,kc,11
1294,K. Gainwell,1,1,1.0,1,0,0,kc,11
1295,G. Edwards,12,62,5.2,26,2,0,cin,11
1296,L. Jackson,9,54,6.0,8,0,0,cin,11
1297,K. Mitchell,8,33,4.1,21,0,0,cin,11
1298,Z. Flowers,1,7,7.0,7,0,0,cin,11
1299,J. Hill,1,1,1.0,1,0,0,cin,11
1300,J. Mixon,16,69,4.3,14,0,0,bal,11
1301,J. Browning,4,40,10.0,19,0,0,bal,11
1302,T. Williams,2,20,10.0,15,0,0,bal,11
1303,J. Burrow,1,7,7.0,7,0,0,bal,11
1304,C. McCaffrey,21,78,3.7,12,0,0,tb,11
1305,E. Mitchell,4,24,6.0,13,0,0,tb,11
1306,B. Purdy,4,14,3.5,13,0,0,tb,11
1307,D. Samuel,1,-1,-1.0,-1,0,0,tb,11
1308,R. White,9,30,3.3,7,1,0,sf,11
1309,D. Thompkins,1,17,17.0,17,0,0,sf,11
1310,C. Edmonds,4,8,2.0,3,0,0,sf,11
1311,T. Palmer,1,6,6.0,6,0,0,sf,11
1312,B. Mayfield,3,5,1.7,3,0,0,sf,11
1313,B. Robinson Jr.,17,73,4.3,18,0,0,nyg,11
1314,C. Rodriguez Jr.,6,43,7.2,16,0,1,nyg,11
1315,S. Howell,3,35,11.7,20,1,0,nyg,11
1316,D. Gore,2,23,11.5,23,0,0,nyg,11
1317,S. Barkley,14,83,5.9,36,0,0,was,11
1318,T. DeVito,1,7,7.0,7,0,0,was,11
1319,W. Robinson,1,2,2.0,2,0,0,was,11
1320,M. Breida,3,-1,-0.3,3,0,0,was,11
1321,R. Freeman,17,73,4.3,15,0,0,sea,11
1322,P. Nacua,1,7,7.0,7,0,0,sea,11
1323,D. Henderson Jr.,6,1,0.2,4,1,0,sea,11
1324,M. Stafford,2,1,0.5,3,0,0,sea,11
1325,Z. Evans,1,0,0.0,0,0,0,sea,11
1326,Z. Charbonnet,15,47,3.1,11,0,0,lar,11
1327,K. Walker III,4,18,4.5,6,0,0,lar,11
1328,D. Dallas,1,4,4.0,4,0,0,lar,11
1329,G. Smith,1,-1,-1.0,-1,0,0,lar,11
1330,J. Reed,3,46,15.3,32,1,0,lac,11
1331,A. Dillon,14,29,2.1,6,0,0,lac,11
1332,A. Jones,4,14,3.5,9,0,0,lac,11
1333,E. Wilson,3,12,4.0,5,0,0,lac,11
1334,C. Watson,1,1,1.0,1,0,0,lac,11
1335,J. Love,3,0,0.0,1,0,0,lac,11
1336,J. Herbert,8,73,9.1,28,0,0,gb,11
1337,A. Ekeler,10,64,6.4,37,0,1,gb,11
1338,J. Kelley,6,13,2.2,7,0,0,gb,11
1339,C. Hubbard,10,57,5.7,14,0,0,dal,11
1340,M. Sanders,11,50,4.5,15,0,0,dal,11
1341,B. Young,2,3,1.5,4,0,0,dal,11
1342,T. Pollard,12,61,5.1,22,1,0,car,11
1343,R. Dowdle,8,23,2.9,11,0,0,car,11
1344,K. Turpin,1,13,13.0,13,0,0,car,11
1345,C. Lamb,1,7,7.0,7,0,0,car,11
1346,D. Prescott,2,6,3.0,3,0,0,car,11
1347,C. Rush,3,-3,-1.0,-1,0,0,car,11
1348,K. Hunt,12,36,3.0,16,0,0,pit,11
1349,J. Ford,12,31,2.6,13,1,0,pit,11
1350,D. Thompson-Robinson,3,20,6.7,9,0,0,pit,11
1351,C. Tillman,1,8,8.0,8,0,0,pit,11
1352,P. Strong Jr.,1,1,1.0,1,0,0,pit,11
1353,J. Warren,9,129,14.3,74,1,0,cle,11
1354,N. Harris,12,35,2.9,17,0,0,cle,11
1355,K. Pickett,4,9,2.3,5,0,0,cle,11
1356,G. Pickens,1,-1,-1.0,-1,0,0,cle,11
1357,A. Mattison,10,52,5.2,21,0,0,chi,12
1358,J. Dobbs,2,11,5.5,7,0,0,chi,12
1359,T. Chandler,4,8,2.0,6,0,0,chi,12
1360,B. Powell,1,2,2.0,2,0,0,chi,12
1361,J. Fields,12,59,4.9,14,0,1,min,12
1362,R. Johnson,10,35,3.5,7,0,0,min,12
1363,K. Herbert,6,24,4.0,8,0,0,min,12
1364,T. Etienne Jr.,14,52,3.7,11,0,0,ten,11
1365,T. Bigsby,9,21,2.3,6,0,0,ten,11
1366,D. Johnson,7,20,2.9,9,0,0,ten,11
1367,C. Ridley,1,18,18.0,18,0,0,ten,11
1368,T. Lawrence,5,17,3.4,9,2,0,ten,11
1369,D. Henry,10,38,3.8,16,0,0,jax,11
1370,C. Moore,1,38,38.0,38,0,0,jax,11
1371,T. Spears,4,14,3.5,5,0,0,jax,11
1372,W. Levis,4,2,0.5,4,0,1,jax,11
1373,D. Singletary,22,112,5.1,21,1,0,ari,11
1374,A. Beck,1,0,0.0,0,0,0,ari,11
1375,M. Boone,1,0,0.0,0,0,0,ari,11
1376,C. Stroud,1,-1,-1.0,-1,0,0,ari,11
1377,J. Conner,14,62,4.4,14,0,0,hou,11
1378,K. Murray,7,51,7.3,22,1,0,hou,11
1379,T. Jones Jr.,1,10,10.0,10,0,0,hou,11
1380,R. Moore,2,6,3.0,4,0,0,hou,11
1381,M. Brown,1,-6,-6.0,-6,0,0,hou,11
1382,D. Montgomery,15,71,4.7,15,1,0,gb,12
1383,J. Gibbs,11,54,4.9,23,0,0,gb,12
1384,J. Goff,3,9,3.0,4,0,1,gb,12
1385,K. Raymond,1,6,6.0,6,0,0,gb,12
1386,J. Reeves-Maybin,1,0,0.0,0,0,0,gb,12
1387,A. Dillon,14,43,3.1,17,0,0,det,12
1388,J. Love,3,39,13.0,37,0,0,det,12
1389,J. Reed,2,16,8.0,15,0,0,det,12
1390,P. Taylor,3,11,3.7,5,0,0,det,12
1391,D. Montgomery,12,76,6.3,20,1,0,chi,11
1392,J. Gibbs,8,36,4.5,14,1,0,chi,11
1393,J. Goff,2,3,1.5,4,0,0,chi,11
1394,J. Fields,18,104,5.8,29,0,0,det,11
1395,K. Herbert,16,35,2.2,9,0,0,det,11
1396,R. Johnson,6,30,5.0,14,0,0,det,11
1397,D. Foreman,6,14,2.3,13,1,0,det,11
1398,J. Herbert,4,47,11.8,35,0,0,bal,12
1399,A. Ekeler,10,32,3.2,6,0,0,bal,12
1400,J. Kelley,3,8,2.7,3,0,0,bal,12
1401,D. Davis,2,-1,-0.5,1,0,0,bal,12
1402,K. Mitchell,9,64,7.1,29,0,0,lac,12
1403,L. Jackson,11,39,3.5,8,0,0,lac,12
1404,Z. Flowers,1,37,37.0,37,1,0,lac,12
1405,J. Hill,5,31,6.2,18,0,0,lac,12
1406,G. Edwards,8,26,3.3,5,0,0,lac,12
1407,D. Duvernay,1,0,0.0,0,0,0,lac,12
1408,J. Jacobs,20,110,5.5,63,1,0,kc,12
1409,A. Abdullah,1,11,11.0,11,0,0,kc,12
1410,J. Meyers,1,2,2.0,2,0,0,kc,12
1411,Z. White,1,0,0.0,0,0,0,kc,12
1412,I. Pacheco,15,55,3.7,8,2,0,lv,12
1413,P. Mahomes,5,9,1.8,7,0,0,lv,12
1414,C. Edwards-Helaire,3,5,1.7,5,0,0,lv,12
1415,J. Taylor,15,91,6.1,17,2,0,tb,12
1416,Z. Moss,8,55,6.9,16,0,0,tb,12
1417,G. Minshew II,3,6,2.0,5,1,0,tb,12
1418,I. McKenzie,1,3,3.0,3,0,0,tb,12
1419,R. White,15,100,6.7,38,0,0,ind,12
1420,B. Mayfield,3,14,4.7,14,0,0,ind,12
1421,C. Edmonds,1,11,11.0,11,0,0,ind,12
1422,D. Henry,18,76,4.2,18,2,0,car,12
1423,T. Spears,2,6,3.0,8,0,0,car,12
1424,C. Moore,1,1,1.0,1,0,0,car,12
1425,W. Levis,3,-3,-1.0,-1,0,0,car,12
1426,C. Hubbard,14,45,3.2,15,1,0,ten,12
1427,M. Sanders,15,28,1.9,15,0,0,ten,12
1428,B. Young,3,23,7.7,11,0,0,ten,12
1429,J. Conner,6,27,4.5,14,0,0,lar,12
1430,M. Carter,4,19,4.8,7,0,0,lar,12
1431,E. Demercado,3,15,5.0,9,0,0,lar,12
1432,B. Gillikin,1,10,10.0,10,0,0,lar,12
1433,K. Murray,1,2,2.0,2,1,0,lar,12
1434,K. Williams,16,143,8.9,56,0,0,ari,12
1435,R. Freeman,13,77,5.9,23,1,0,ari,12
1436,Z. Evans,3,6,2.0,5,0,0,ari,12
1437,M. Stafford,1,2,2.0,2,0,0,ari,12
1438,D. Swift,14,80,5.7,36,0,0,buf,12
1439,J. Hurts,14,65,4.6,16,2,1,buf,12
1440,K. Gainwell,2,26,13.0,23,0,0,buf,12
1441,B. Scott,2,14,7.0,10,0,0,buf,12
1442,J. Allen,9,81,9.0,19,2,0,phi,12
1443,J. Cook,16,43,2.7,11,0,0,phi,12
1444,L. Murray,9,30,3.3,13,0,0,phi,12
1445,T. Johnson,6,19,3.2,9,0,0,phi,12
1446,J. Williams,18,65,3.6,15,0,0,cle,12
1447,S. Perine,7,55,7.9,24,1,0,cle,12
1448,R. Wilson,11,34,3.1,19,1,1,cle,12
1449,M. Mims Jr.,1,11,11.0,11,0,0,cle,12
1450,J. McLaughlin,2,4,2.0,6,0,0,cle,12
1451,J. Ford,9,65,7.2,19,0,0,den,12
1452,K. Hunt,7,22,3.1,7,0,0,den,12
1453,D. Thompson-Robinson,5,21,4.2,9,0,0,den,12
1454,H. Bryant,1,0,0.0,0,0,1,den,12
1455,E. Moore,1,0,0.0,0,0,1,den,12
1456,P. Walker,1,-1,-1.0,-1,0,0,den,12
1457,S. Barkley,12,46,3.8,19,0,0,ne,12
1458,T. DeVito,5,6,1.2,5,0,1,ne,12
1459,M. Breida,2,6,3.0,6,0,0,ne,12
1460,R. Stevenson,21,98,4.7,15,1,0,nyg,12
1461,E. Elliott,9,46,5.1,13,0,0,nyg,12
1462,T. Thornton,1,3,3.0,3,0,0,nyg,12
1463,J. Mixon,8,16,2.0,4,0,0,pit,12
1464,J. Browning,3,9,3.0,6,0,0,pit,12
1465,N. Harris,15,99,6.6,22,1,0,cin,12
1466,J. Warren,13,49,3.8,9,0,1,cin,12
1467,K. Pickett,5,5,1.0,5,0,0,cin,12
1468,B. Robinson,16,91,5.7,17,1,0,no,12
1469,T. Allgeier,10,64,6.4,14,0,0,no,12
1470,C. Patterson,8,43,5.4,12,0,0,no,12
1471,D. Ridder,7,30,4.3,16,0,0,no,12
1472,A. Kamara,15,69,4.6,16,0,0,atl,12
1473,L. Bowden Jr.,2,40,20.0,29,0,0,atl,12
1474,T. Hill,7,26,3.7,10,0,1,atl,12
1475,D. Carr,2,7,3.5,8,0,0,atl,12
1476,J. Williams,2,6,3.0,3,0,0,atl,12
1477,B. Hall,7,25,3.6,11,0,0,mia,12
1478,T. Boyle,2,2,1.0,2,0,0,mia,12
1479,D. Cook,1,2,2.0,2,0,0,mia,12
1480,R. Mostert,20,94,4.7,34,2,0,nyj,12
1481,J. Wilson Jr.,11,56,5.1,14,0,0,nyj,12
1482,D. Evans,2,16,8.0,13,0,0,nyj,12
1483,T. Hill,1,2,2.0,2,0,0,nyj,12
1484,T. Tagovailoa,2,1,0.5,1,0,1,nyj,12
1485,M. White,1,-2,-2.0,-2,0,0,nyj,12
1486,C. Stroud,6,47,7.8,16,1,0,jax,12
1487,D. Singletary,6,18,3.0,14,0,0,jax,12
1488,D. Pierce,5,14,2.8,4,0,0,jax,12
1489,T. Dell,1,12,12.0,12,0,0,jax,12
1490,T. Etienne Jr.,20,56,2.8,20,0,0,hou,12
1491,D. Johnson,7,19,2.7,7,0,0,hou,12
1492,T. Bigsby,1,6,6.0,6,0,0,hou,12
1493,T. Lawrence,2,0,0.0,1,1,0,hou,12
1494,Z. Charbonnet,14,47,3.4,10,0,0,sf,12
1495,G. Smith,4,21,5.3,11,0,0,sf,12
1496,D. Dallas,2,10,5.0,7,0,0,sf,12
1497,D. Eskridge,1,10,10.0,10,0,0,sf,12
1498,C. McCaffrey,19,114,6.0,27,2,0,sea,12
1499,E. Mitchell,7,39,5.6,13,0,0,sea,12
1500,D. Samuel,4,15,3.8,15,1,0,sea,12
1501,B. Purdy,3,1,0.3,3,0,0,sea,12
1502,T. Pollard,13,79,6.1,27,1,0,was,12
1503,R. Dowdle,3,11,3.7,7,0,0,was,12
1504,D. Prescott,1,10,10.0,10,0,0,was,12
1505,C. Lamb,1,0,0.0,0,0,0,was,12
1506,B. Robinson Jr.,15,53,3.5,14,0,0,dal,12
1507,A. Gibson,6,21,3.5,6,0,0,dal,12
1508,C. Rodriguez Jr.,4,21,5.3,13,0,0,dal,12
1509,S. Howell,2,13,6.5,12,1,0,dal,12
1510,T. Pollard,20,68,3.4,16,1,0,sea,13
1511,C. Lamb,2,30,15.0,24,0,0,sea,13
1512,D. Prescott,7,23,3.3,8,0,0,sea,13
1513,R. Dowdle,5,15,3.0,8,0,0,sea,13
1514,Z. Charbonnet,19,60,3.2,14,1,0,dal,13
1515,G. Smith,2,6,3.0,5,1,0,dal,13
1516,D. Dallas,1,6,6.0,6,0,0,dal,13
1517,K. Williams,21,88,4.2,18,1,0,cle,13
1518,P. Nacua,2,34,17.0,31,0,0,cle,13
1519,R. Freeman,1,0,0.0,0,0,0,cle,13
1520,M. Stafford,1,-2,-2.0,-2,0,0,cle,13
1521,K. Hunt,12,48,4.0,7,0,0,lar,13
1522,P. Strong Jr.,2,20,10.0,13,0,0,lar,13
1523,J. Ford,9,19,2.1,10,0,0,lar,13
1524,A. Dillon,18,73,4.1,10,0,0,kc,13
1525,P. Taylor,2,29,14.5,24,0,0,kc,13
1526,C. Watson,2,15,7.5,13,0,0,kc,13
1527,J. Love,2,10,5.0,8,0,0,kc,13
1528,J. Robinson,1,2,2.0,2,0,0,kc,13
1529,I. Pacheco,18,110,6.1,26,1,0,gb,13
1530,P. Mahomes,4,26,6.5,10,0,0,gb,13
1531,C. Edwards-Helaire,2,6,3.0,5,0,0,gb,13
1532,K. Toney,1,6,6.0,6,0,0,gb,13
1533,T. Etienne Jr.,11,45,4.1,13,1,0,cin,13
1534,T. Lawrence,5,8,1.6,2,1,0,cin,13
1535,C. Ridley,3,7,2.3,10,0,0,cin,13
1536,C. Beathard,1,7,7.0,7,0,0,cin,13
1537,D. Johnson,5,4,0.8,4,0,0,cin,13
1538,J. Mixon,19,68,3.6,18,2,0,jax,13
1539,C. Brown,9,61,6.8,31,0,0,jax,13
1540,J. Browning,2,22,11.0,21,1,0,jax,13
1541,T. Boyd,1,5,5.0,5,0,0,jax,13
1542,D. Pierce,15,41,2.7,22,1,0,den,13
1543,D. Singletary,8,36,4.5,14,0,0,den,13
1544,C. Stroud,6,11,1.8,4,0,0,den,13
1545,D. Ogunbowale,1,1,1.0,1,0,0,den,13
1546,J. Williams,13,46,3.5,16,0,0,hou,13
1547,R. Wilson,10,44,4.4,11,1,0,hou,13
1548,J. McLaughlin,4,15,3.8,8,0,0,hou,13
1549,M. Mims Jr.,1,8,8.0,8,0,0,hou,13
1550,M. Burton,1,4,4.0,4,0,0,hou,13
1551,S. Perine,1,1,1.0,1,0,0,hou,13
1552,J. Hurts,7,20,2.9,7,1,0,sf,13
1553,D. Swift,6,13,2.2,4,0,0,sf,13
1554,M. Mariota,2,6,3.0,5,0,0,sf,13
1555,K. Gainwell,2,5,2.5,3,0,0,sf,13
1556,B. Scott,1,2,2.0,2,0,0,sf,13
1557,C. McCaffrey,17,93,5.5,16,1,0,phi,13
1558,D. Samuel,3,22,7.3,14,1,0,phi,13
1559,E. Mitchell,3,13,4.3,11,0,0,phi,13
1560,J. Mason,2,10,5.0,6,0,0,phi,13
1561,B. Purdy,2,9,4.5,6,0,0,phi,13
1562,S. Darnold,1,-1,-1.0,-1,0,0,phi,13
1563,R. White,20,84,4.2,30,1,0,car,13
1564,C. Godwin,1,19,19.0,19,1,0,car,13
1565,T. Palmer,1,13,13.0,13,0,0,car,13
1566,C. Edmonds,2,7,3.5,4,0,0,car,13
1567,D. Thompkins,2,7,3.5,5,0,0,car,13
1568,B. Mayfield,2,-2,-1.0,-1,0,0,car,13
1569,C. Hubbard,25,104,4.2,17,2,0,tb,13
1570,M. Sanders,8,23,2.9,8,0,0,tb,13
1571,R. Blackshear,1,6,6.0,6,0,0,tb,13
1572,N. Harris,16,63,3.9,11,0,0,ari,13
1573,J. Warren,9,59,6.6,18,0,0,ari,13
1574,M. Trubisky,3,5,1.7,6,0,1,ari,13
1575,K. Pickett,3,3,1.0,2,0,0,ari,13
1576,J. Conner,25,105,4.2,29,2,0,pit,13
1577,M. Carter,4,25,6.3,19,0,0,pit,13
1578,K. Murray,9,20,2.2,9,0,0,pit,13
1579,D. Cook,9,35,3.9,14,0,1,atl,13
1580,B. Hall,13,16,1.2,9,0,0,atl,13
1581,T. Siemian,1,8,8.0,8,0,0,atl,13
1582,T. Boyle,1,2,2.0,2,0,0,atl,13
1583,X. Gipson,1,1,1.0,1,0,0,atl,13
1584,B. Robinson,18,53,2.9,12,0,0,nyj,13
1585,T. Allgeier,8,26,3.3,6,0,0,nyj,13
1586,C. Patterson,5,11,2.2,7,0,0,nyj,13
1587,D. Ridder,3,0,0.0,1,0,0,nyj,13
1588,D. Henry,21,102,4.9,22,2,0,ind,13
1589,T. Spears,16,75,4.7,19,0,0,ind,13
1590,W. Levis,2,5,2.5,6,0,0,ind,13
1591,D. Hopkins,1,4,4.0,4,0,0,ind,13
1592,C. Okonkwo,1,2,2.0,2,0,0,ind,13
1593,R. Stonehouse,1,-11,-11.0,-11,0,1,ind,13
1594,Z. Moss,19,51,2.7,5,0,0,ten,13
1595,G. Minshew II,3,2,0.7,4,0,0,ten,13
1596,K. Granson,1,2,2.0,2,0,0,ten,13
1597,T. Hill,13,59,4.5,21,1,0,det,13
1598,A. Kamara,14,51,3.6,16,2,0,det,13
1599,J. Williams,5,10,2.0,4,0,0,det,13
1600,D. Carr,2,-1,-0.5,0,0,1,det,13
1601,L. Bowden Jr.,2,-6,-3.0,4,0,0,det,13
1602,J. Gibbs,8,60,7.5,36,0,0,no,13
1603,D. Montgomery,18,56,3.1,13,1,0,no,13
1604,J. Williams,1,19,19.0,19,1,0,no,13
1605,K. Raymond,1,9,9.0,9,0,0,no,13
1606,J. Goff,2,-2,-1.0,-1,0,0,no,13
1607,E. Elliott,17,52,3.1,8,0,0,lac,13
1608,R. Stevenson,9,39,4.3,9,0,1,lac,13
1609,T. Thornton,1,39,39.0,39,0,0,lac,13
1610,B. Zappe,4,16,4.0,5,0,0,lac,13
1611,T. Montgomery II,1,2,2.0,2,0,0,lac,13
1612,A. Ekeler,14,18,1.3,4,0,0,ne,13
1613,J. Kelley,6,16,2.7,7,0,0,ne,13
1614,J. Herbert,4,-5,-1.3,1,0,0,ne,13
1615,B. Robinson Jr.,7,53,7.6,29,0,0,mia,13
1616,A. Gibson,10,35,3.5,9,0,0,mia,13
1617,C. Rodriguez Jr.,7,29,4.1,15,0,0,mia,13
1618,S. Howell,4,21,5.3,13,2,0,mia,13
1619,D. Achane,17,73,4.3,15,2,0,was,13
1620,R. Mostert,11,43,3.9,12,1,0,was,13
1621,J. Wilson Jr.,4,11,2.8,6,0,0,was,13
1622,T. Hill,2,-4,-2.0,6,0,0,was,13
1623,M. Trubisky,8,30,3.8,15,1,0,ne,14
1624,N. Harris,12,29,2.4,7,0,0,ne,14
1625,C. Austin III,1,12,12.0,12,0,0,ne,14
1626,J. Warren,7,11,1.6,7,0,0,ne,14
1627,E. Elliott,22,68,3.1,12,0,0,pit,14
1628,B. Zappe,3,13,4.3,11,0,0,pit,14
1629,S. Barkley,20,86,4.3,34,2,1,gb,14
1630,T. DeVito,10,71,7.1,26,0,0,gb,14
1631,W. Robinson,2,36,18.0,32,0,0,gb,14
1632,M. Breida,2,16,8.0,9,0,0,gb,14
1633,A. Dillon,15,53,3.5,8,0,0,nyg,14
1634,J. Reed,4,38,9.5,20,1,0,nyg,14
1635,P. Taylor,4,30,7.5,14,0,0,nyg,14
1636,J. Love,2,2,1.0,2,0,1,nyg,14
1637,T. Pollard,16,59,3.7,11,0,0,phi,14
1638,R. Dowdle,12,46,3.8,9,1,0,phi,14
1639,K. Turpin,1,22,22.0,22,0,0,phi,14
1640,D. Prescott,3,11,3.7,4,0,0,phi,14
1641,D. Swift,11,39,3.5,7,0,0,dal,14
1642,J. Hurts,5,30,6.0,11,0,1,dal,14
1643,K. Gainwell,4,28,7.0,11,0,0,dal,14
1644,B. Scott,3,9,3.0,4,0,0,dal,14
1645,C. McCaffrey,16,145,9.1,72,0,0,sea,14
1646,J. Mason,4,20,5.0,8,1,0,sea,14
1647,B. Purdy,2,7,3.5,8,0,0,sea,14
1648,D. Samuel,1,1,1.0,1,1,0,sea,14
1649,Z. Charbonnet,9,44,4.9,23,0,0,sf,14
1650,K. Walker III,8,21,2.6,12,0,0,sf,14
1651,D. Lock,3,5,1.7,3,0,0,sf,14
1652,J. Jacobs,13,34,2.6,6,0,0,min,14
1653,A. Abdullah,1,12,12.0,12,0,0,min,14
1654,Z. White,2,8,4.0,6,0,0,min,14
1655,A. O'Connell,1,2,2.0,2,0,0,min,14
1656,A. Mattison,10,66,6.6,16,0,0,lv,14
1657,T. Chandler,12,35,2.9,7,0,0,lv,14
1658,J. Dobbs,5,21,4.2,12,0,0,lv,14
1659,C. Ham,1,7,7.0,7,0,0,lv,14
1660,K. Nwangwu,2,3,1.5,4,0,0,lv,14
1661,A. Ekeler,10,51,5.1,9,1,0,den,14
1662,I. Spiller,6,19,3.2,6,0,0,den,14
1663,J. Kelley,3,6,2.0,3,0,0,den,14
1664,J. Williams,17,66,3.9,20,1,0,lac,14
1665,J. McLaughlin,5,25,5.0,9,0,0,lac,14
1666,S. Perine,2,8,4.0,5,0,0,lac,14
1667,R. Wilson,6,5,0.8,7,0,0,lac,14
1668,M. Burton,1,2,2.0,2,0,0,lac,14
1669,R. Mostert,21,96,4.6,15,2,0,ten,14
1670,D. Achane,7,47,6.7,15,0,0,ten,14
1671,T. Tagovailoa,3,15,5.0,8,0,0,ten,14
1672,D. Henry,17,34,2.0,6,2,0,mia,14
1673,T. Spears,7,29,4.1,8,0,0,mia,14
1674,W. Levis,4,15,3.8,11,0,1,mia,14
1675,T. Burks,1,5,5.0,5,0,0,mia,14
1676,C. Edwards-Helaire,11,39,3.5,7,0,0,buf,14
1677,J. McKinnon,4,19,4.8,7,1,0,buf,14
1678,K. Toney,2,16,8.0,14,0,0,buf,14
1679,P. Mahomes,1,8,8.0,8,0,0,buf,14
1680,J. Cook,10,58,5.8,15,0,0,kc,14
1681,J. Allen,10,32,3.2,8,1,0,kc,14
1682,T. Johnson,5,19,3.8,7,0,0,kc,14
1683,L. Murray,3,9,3.0,4,0,0,kc,14
1684,J. Fields,12,58,4.8,19,1,0,det,14
1685,D. Foreman,11,50,4.5,13,0,0,det,14
1686,D. Moore,3,20,6.7,16,1,0,det,14
1687,K. Herbert,3,8,2.7,4,0,0,det,14
1688,R. Johnson,1,6,6.0,6,0,0,det,14
1689,J. Gibbs,11,66,6.0,36,1,0,chi,14
1690,D. Montgomery,10,66,6.6,13,0,0,chi,14
1691,S. LaPorta,1,4,4.0,4,0,0,chi,14
1692,J. Williams,1,4,4.0,4,0,0,chi,14
1693,J. Goff,1,0,0.0,0,0,0,chi,14
1694,B. Hall,10,40,4.0,15,0,0,hou,14
1695,D. Cook,7,13,1.9,5,0,0,hou,14
1696,Z. Wilson,3,12,4.0,10,0,1,hou,14
1697,X. Gipson,1,9,9.0,9,1,0,hou,14
1698,N. Bawden,1,3,3.0,3,0,0,hou,14
1699,G. Wilson,1,3,3.0,3,0,0,hou,14
1700,I. Abanikanda,3,-1,-0.3,3,0,0,hou,14
1701,D. Singletary,13,65,5.0,17,1,0,nyj,14
1702,D. Pierce,4,9,2.3,4,0,0,nyj,14
1703,D. Ogunbowale,2,7,3.5,4,0,0,nyj,14
1704,T. Allgeier,9,40,4.4,9,0,0,tb,14
1705,B. Robinson,10,34,3.4,8,1,0,tb,14
1706,D. Ridder,4,15,3.8,7,1,0,tb,14
1707,C. Patterson,3,7,2.3,6,0,0,tb,14
1708,R. White,25,102,4.1,12,0,0,atl,14
1709,C. Edmonds,8,40,5.0,15,0,0,atl,14
1710,B. Mayfield,3,3,1.0,2,1,0,atl,14
1711,T. Palmer,1,3,3.0,3,0,0,atl,14
1712,A. Kamara,12,56,4.7,9,1,0,car,14
1713,J. Williams,11,43,3.9,12,0,0,car,14
1714,J. Winston,2,-2,-1.0,-1,0,0,car,14
1715,C. Hubbard,23,87,3.8,13,0,0,no,14
1716,M. Sanders,10,74,7.4,48,0,0,no,14
1717,B. Young,3,40,13.3,21,0,0,no,14
1718,I. Smith-Marsette,1,10,10.0,10,0,0,no,14
1719,R. Blackshear,1,4,4.0,4,0,0,no,14
1720,J. Hekker,1,-11,-11.0,-11,0,1,no,14
1721,J. Ford,12,51,4.3,26,0,0,jax,14
1722,K. Hunt,10,27,2.7,9,1,0,jax,14
1723,D. Thompson-Robinson,1,5,5.0,5,0,0,jax,14
1724,P. Strong Jr.,1,0,0.0,0,0,0,jax,14
1725,J. Flacco,4,-1,-0.3,2,0,0,jax,14
1726,T. Etienne Jr.,14,35,2.5,16,1,0,cle,14
1727,D. Johnson,3,12,4.0,6,0,0,cle,14
1728,T. Lawrence,3,11,3.7,7,0,0,cle,14
1729,L. Jackson,11,70,6.4,16,0,0,lar,14
1730,K. Mitchell,9,54,6.0,27,0,0,lar,14
1731,G. Edwards,6,15,2.5,5,0,0,lar,14
1732,K. Williams,25,114,4.6,14,0,0,bal,14
1733,R. Freeman,3,9,3.0,3,0,0,bal,14
1734,P. Nacua,1,6,6.0,6,0,0,bal,14
1735,M. Stafford,1,-1,-1.0,-1,0,0,bal,14
1736,J. Mixon,21,79,3.8,18,1,0,ind,14
1737,C. Brown,8,25,3.1,10,0,0,ind,14
1738,J. Browning,3,7,2.3,4,1,0,ind,14
1739,Z. Moss,13,28,2.2,12,0,0,cin,14
1740,T. Sermon,3,13,4.3,8,0,0,cin,14
1741,G. Minshew II,2,5,2.5,6,0,0,cin,14
1742,Z. White,17,69,4.1,15,1,0,lac,15
1743,A. Abdullah,6,32,5.3,9,0,0,lac,15
1744,B. Bolden,2,25,12.5,26,1,0,lac,15
1745,T. Tucker,1,-2,-2.0,-2,0,0,lac,15
1746,I. Spiller,16,50,3.1,8,0,0,lv,15
1747,J. Kelley,5,22,4.4,11,0,1,lv,15
1748,E. Stick,2,11,5.5,9,0,0,lv,15
1749,A. Ekeler,5,9,1.8,6,0,0,lv,15
1750,T. Lawrence,4,41,10.3,13,0,1,bal,15
1751,T. Etienne Jr.,10,31,3.1,7,0,0,bal,15
1752,D. Johnson,2,5,2.5,4,0,0,bal,15
1753,T. Bigsby,1,-2,-2.0,-2,0,0,bal,15
1754,L. Jackson,12,97,8.1,21,0,0,jax,15
1755,K. Mitchell,9,73,8.1,24,0,0,jax,15
1756,G. Edwards,16,58,3.6,20,1,0,jax,15
1757,J. Hill,5,23,4.6,8,0,0,jax,15
1758,K. Williams,27,152,5.6,27,1,1,was,15
1759,D. Robinson,1,23,23.0,23,0,0,was,15
1760,R. Freeman,6,16,2.7,4,0,0,was,15
1761,P. Nacua,2,3,1.5,2,0,0,was,15
1762,M. Stafford,1,2,2.0,2,0,0,was,15
1763,C. Rodriguez Jr.,10,35,3.5,11,0,0,lar,15
1764,S. Howell,3,22,7.3,13,0,0,lar,15
1765,A. Gibson,4,15,3.8,8,0,0,lar,15
1766,J. Brissett,2,9,4.5,9,0,0,lar,15
1767,T. Way,1,0,0.0,0,0,0,lar,15
1768,J. Williams,1,-2,-2.0,-2,0,0,lar,15
1769,K. Walker III,19,86,4.5,23,1,0,phi,15
1770,Z. Charbonnet,4,16,4.0,6,0,0,phi,15
1771,D. Lock,1,-2,-2.0,-2,0,0,phi,15
1772,J. Hurts,13,82,6.3,20,2,0,sea,15
1773,D. Swift,18,74,4.1,11,0,0,sea,15
1774,K. Gainwell,6,21,3.5,8,0,0,sea,15
1775,D. Goedert,1,1,1.0,1,0,0,sea,15
1776,T. Spears,9,30,3.3,9,0,0,hou,15
1777,W. Levis,4,25,6.3,11,1,0,hou,15
1778,D. Henry,16,9,0.6,6,0,0,hou,15
1779,T. Burks,1,2,2.0,2,0,0,hou,15
1780,D. Singletary,26,121,4.7,19,0,0,ten,15
1781,D. Ogunbowale,1,17,17.0,17,0,0,ten,15
1782,X. Hutchinson,1,5,5.0,5,0,0,ten,15
1783,D. Pierce,1,3,3.0,3,0,0,ten,15
1784,C. Keenum,2,1,0.5,1,0,0,ten,15
1785,S. Sims,1,1,1.0,1,0,0,ten,15
1786,J. Cook,25,179,7.2,24,1,0,dal,15
1787,T. Johnson,9,54,6.0,11,0,0,dal,15
1788,J. Allen,8,24,3.0,9,1,0,dal,15
1789,L. Murray,5,11,2.2,8,1,0,dal,15
1790,K. Allen,2,-2,-1.0,-1,0,0,dal,15
1791,T. Pollard,11,52,4.7,11,0,0,buf,15
1792,D. Prescott,4,27,6.8,13,0,0,buf,15
1793,R. Dowdle,3,4,1.3,5,0,0,buf,15
1794,C. Lamb,1,3,3.0,3,1,0,buf,15
1795,H. Luepke,1,3,3.0,3,0,0,buf,15
1796,E. Elliott,11,25,2.3,5,0,0,kc,15
1797,K. Harris,4,25,6.3,18,1,0,kc,15
1798,B. Zappe,1,2,2.0,2,0,0,kc,15
1799,C. Edwards-Helaire,13,37,2.8,20,0,0,ne,15
1800,J. McKinnon,4,11,2.8,4,0,0,ne,15
1801,P. Mahomes,3,-5,-1.7,-1,0,0,ne,15
1802,J. Conner,14,86,6.1,44,1,0,sf,15
1803,E. Demercado,4,64,16.0,49,1,0,sf,15
1804,K. Murray,6,49,8.2,15,0,0,sf,15
1805,M. Carter,3,27,9.0,19,0,0,sf,15
1806,G. Dortch,1,5,5.0,5,0,0,sf,15
1807,R. Moore,1,3,3.0,3,0,0,sf,15
1808,C. Tune,1,0,0.0,0,0,0,sf,15
1809,C. McCaffrey,18,115,6.4,26,1,0,ari,15
1810,J. Mason,5,20,4.0,17,0,0,ari,15
1811,D. Samuel,1,11,11.0,11,0,0,ari,15
1812,S. Darnold,2,-2,-1.0,-1,0,0,ari,15
1813,A. Kamara,16,66,4.1,15,0,0,nyg,15
1814,J. Williams,8,24,3.0,8,0,0,nyg,15
1815,T. Hill,1,1,1.0,1,0,0,nyg,15
1816,D. Carr,3,-4,-1.3,-1,0,0,nyg,15
1817,T. DeVito,4,36,9.0,14,0,0,no,15
1818,S. Barkley,9,14,1.6,4,0,0,no,15
1819,M. Breida,3,10,3.3,5,0,0,no,15
1820,A. Jones,13,53,4.1,20,0,0,tb,15
1821,P. Taylor,1,6,6.0,6,0,0,tb,15
1822,J. Love,2,1,0.5,2,0,0,tb,15
1823,K. Drake,1,0,0.0,0,0,0,tb,15
1824,R. White,21,89,4.2,22,0,0,gb,15
1825,C. Edmonds,3,13,4.3,9,0,0,gb,15
1826,D. Thompkins,1,-1,-1.0,-1,0,0,gb,15
1827,B. Mayfield,2,-2,-1.0,-1,0,0,gb,15
1828,J. Ford,8,20,2.5,9,0,0,chi,15
1829,K. Hunt,7,8,1.1,3,0,0,chi,15
1830,P. Strong Jr.,2,2,1.0,2,0,0,chi,15
1831,J. Flacco,1,-1,-1.0,-1,0,0,chi,15
1832,R. Johnson,5,36,7.2,22,0,0,cle,15
1833,J. Fields,7,30,4.3,15,0,0,cle,15
1834,V. Jones Jr.,2,23,11.5,15,0,0,cle,15
1835,K. Herbert,6,8,1.3,7,0,0,cle,15
1836,T. Scott,1,-3,-3.0,-3,0,0,cle,15
1837,D. Foreman,6,-6,-1.0,2,0,0,cle,15
1838,R. Mostert,15,42,2.8,18,2,0,nyj,15
1839,D. Achane,9,32,3.6,10,0,0,nyj,15
1840,J. Wilson Jr.,2,5,2.5,5,0,0,nyj,15
1841,M. White,2,-2,-1.0,-1,0,0,nyj,15
1842,B. Hall,6,12,2.0,5,0,0,mia,15
1843,I. Abanikanda,4,8,2.0,6,0,0,mia,15
1844,D. Cook,1,4,4.0,4,0,0,mia,15
1845,A. Davis,1,-1,-1.0,-1,0,0,mia,15
1846,J. Gibbs,11,100,9.1,34,1,0,den,15
1847,D. Montgomery,17,85,5.0,13,0,0,den,15
1848,S. Perine,6,37,6.2,12,0,0,det,15
1849,J. Williams,12,27,2.3,8,0,0,det,15
1850,M. Mims Jr.,1,11,11.0,11,0,0,det,15
1851,R. Wilson,7,6,0.9,2,1,0,det,15
1852,J. McLaughlin,2,2,1.0,1,0,0,det,15
1853,T. Sermon,17,88,5.2,19,0,0,pit,15
1854,T. Goodson,11,69,6.3,31,0,0,pit,15
1855,Z. Moss,4,13,3.3,5,0,0,pit,15
1856,G. Minshew II,2,0,0.0,1,0,0,pit,15
1857,J. Warren,10,40,4.0,11,0,0,ind,15
1858,N. Harris,12,33,2.8,15,0,1,ind,15
1859,M. Trubisky,2,1,0.5,1,1,0,ind,15
1860,C. Hubbard,22,87,4.0,22,0,0,atl,15
1861,I. Smith-Marsette,4,31,7.8,15,0,0,atl,15
1862,B. Young,4,9,2.3,12,0,0,atl,15
1863,M. Sanders,6,2,0.3,3,0,0,atl,15
1864,T. Allgeier,14,45,3.2,8,0,0,car,15
1865,B. Robinson,7,11,1.6,9,0,1,car,15
1866,C. Patterson,5,-2,-0.4,3,0,0,car,15
1867,D. Ridder,5,-2,-0.4,1,0,0,car,15
1868,J. Mixon,10,47,4.7,10,1,0,min,15
1869,C. Brown,7,23,3.3,6,0,0,min,15
1870,T. Williams,1,10,10.0,10,0,0,min,15
1871,J. Browning,4,0,0.0,3,0,0,min,15
1872,T. Chandler,23,132,5.7,30,1,0,cin,15
1873,N. Mullens,6,10,1.7,5,0,0,cin,15
1874,K. Nwangwu,1,1,1.0,1,0,0,cin,15
1875,C. McCaffrey,14,103,7.4,39,1,0,bal,16
1876,S. Darnold,1,9,9.0,9,0,0,bal,16
1877,D. Samuel,2,7,3.5,6,0,0,bal,16
1878,B. Purdy,1,2,2.0,2,0,0,bal,16
1879,L. Jackson,7,45,6.4,30,0,0,sf,16
1880,G. Edwards,9,31,3.4,13,1,0,sf,16
1881,J. Hill,10,26,2.6,6,0,0,sf,16
1882,R. Mostert,11,46,4.2,15,0,0,dal,16
1883,D. Achane,7,24,3.4,9,0,0,dal,16
1884,J. Wilson Jr.,5,21,4.2,8,0,0,dal,16
1885,J. Waddle,1,2,2.0,2,0,0,dal,16
1886,T. Tagovailoa,2,-2,-1.0,-1,0,0,dal,16
1887,T. Pollard,12,38,3.2,7,0,0,mia,16
1888,D. Prescott,5,25,5.0,22,0,1,mia,16
1889,C. Lamb,2,14,7.0,9,0,0,mia,16
1890,B. Cooks,1,9,9.0,9,0,0,mia,16
1891,R. Dowdle,2,4,2.0,4,0,0,mia,16
1892,K. Turpin,1,4,4.0,4,0,0,mia,16
1893,H. Luepke,2,3,1.5,2,0,0,mia,16
1894,K. Williams,22,104,4.7,10,1,0,no,16
1895,R. Rivers,6,20,3.3,10,0,0,no,16
1896,P. Nacua,2,16,8.0,9,0,0,no,16
1897,C. Kupp,1,-3,-3.0,-3,0,0,no,16
1898,M. Stafford,1,-4,-4.0,-4,0,0,no,16
1899,A. Kamara,9,19,2.1,5,0,0,lar,16
1900,J. Williams,2,8,4.0,4,0,0,lar,16
1901,R. Shaheed,1,4,4.0,4,0,0,lar,16
1902,D. Carr,2,2,1.0,3,0,0,lar,16
1903,T. Hill,2,2,1.0,3,0,0,lar,16
1904,R. White,20,39,1.9,11,1,0,jax,16
1905,C. Edmonds,10,25,2.5,6,0,0,jax,16
1906,B. Mayfield,5,5,1.0,7,0,0,jax,16
1907,C. Godwin,1,1,1.0,1,0,0,jax,16
1908,T. Lawrence,4,29,7.3,15,0,0,tb,16
1909,T. Etienne Jr.,6,12,2.0,4,0,0,tb,16
1910,C. Beathard,1,6,6.0,6,0,0,tb,16
1911,D. Johnson,1,2,2.0,2,0,0,tb,16
1912,C. Ridley,1,-12,-12.0,-12,0,0,tb,16
1913,K. Herbert,20,112,5.6,15,1,0,ari,16
1914,J. Fields,9,97,10.8,39,1,0,ari,16
1915,R. Johnson,9,37,4.1,10,0,0,ari,16
1916,V. Jones Jr.,1,4,4.0,4,0,0,ari,16
1917,J. Conner,12,45,3.8,16,0,0,chi,16
1918,K. Murray,5,32,6.4,12,0,0,chi,16
1919,E. Demercado,2,10,5.0,7,0,0,chi,16
1920,R. Moore,1,6,6.0,6,0,0,chi,16
1921,D. Swift,20,92,4.6,17,1,0,nyg,16
1922,K. Gainwell,6,41,6.8,22,0,0,nyg,16
1923,J. Hurts,8,34,4.3,16,1,0,nyg,16
1924,B. Scott,1,3,3.0,3,0,0,nyg,16
1925,S. Barkley,23,80,3.5,12,1,0,phi,16
1926,T. Taylor,2,21,10.5,15,0,0,phi,16
1927,T. DeVito,1,5,5.0,5,0,0,phi,16
1928,J. McLaughlin,6,37,6.2,12,0,0,ne,16
1929,J. Williams,11,24,2.2,9,1,0,ne,16
1930,R. Wilson,4,20,5.0,14,0,0,ne,16
1931,S. Perine,1,2,2.0,2,0,0,ne,16
1932,M. Burton,1,0,0.0,0,0,0,ne,16
1933,E. Elliott,12,27,2.3,6,0,0,den,16
1934,K. Harris,7,21,3.0,6,0,0,den,16
1935,T. Thornton,1,9,9.0,9,0,0,den,16
1936,B. Zappe,1,2,2.0,2,0,0,den,16
1937,P. Mahomes,10,53,5.3,13,0,0,lv,16
1938,I. Pacheco,11,26,2.4,12,1,1,lv,16
1939,C. Edwards-Helaire,4,6,1.5,4,0,0,lv,16
1940,Z. White,22,145,6.6,43,0,0,kc,16
1941,A. Abdullah,2,11,5.5,7,0,0,kc,16
1942,T. Tucker,1,5,5.0,5,0,0,kc,16
1943,A. O'Connell,4,-4,-1.0,-1,0,0,kc,16
1944,D. Henry,19,88,4.6,12,1,0,sea,16
1945,T. Spears,9,40,4.4,11,0,0,sea,16
1946,R. Tannehill,2,37,18.5,23,0,0,sea,16
1947,T. Burks,1,-3,-3.0,-3,0,0,sea,16
1948,K. Walker III,16,54,3.4,24,0,0,ten,16
1949,D. Dallas,1,2,2.0,2,0,0,ten,16
1950,G. Smith,1,2,2.0,2,0,0,ten,16
1951,Z. Charbonnet,2,0,0.0,3,0,0,ten,16
1952,B. Hall,20,95,4.8,36,2,0,was,16
1953,I. Abanikanda,9,43,4.8,12,0,0,was,16
1954,T. Siemian,4,18,4.5,13,0,1,was,16
1955,X. Gipson,1,16,16.0,16,0,0,was,16
1956,T. Conklin,1,0,0.0,0,0,0,was,16
1957,G. Wilson,1,-8,-8.0,-8,0,0,was,16
1958,C. Rodriguez Jr.,10,58,5.8,16,2,0,nyj,16
1959,A. Gibson,9,30,3.3,11,1,0,nyj,16
1960,J. Brissett,1,10,10.0,10,0,0,nyj,16
1961,C. Samuel,2,4,2.0,6,0,0,nyj,16
1962,D. Singletary,9,44,4.9,17,0,0,cle,16
1963,D. Mills,2,9,4.5,9,0,0,cle,16
1964,R. Woods,1,7,7.0,7,0,0,cle,16
1965,D. Pierce,3,6,2.0,4,0,0,cle,16
1966,D. Ogunbowale,1,6,6.0,6,0,0,cle,16
1967,J. Ford,15,25,1.7,10,1,0,hou,16
1968,P. Strong Jr.,5,22,4.4,8,0,0,hou,16
1969,K. Hunt,7,11,1.6,4,1,0,hou,16
1970,J. Flacco,2,1,0.5,2,0,0,hou,16
1971,D. Thompson-Robinson,1,-5,-5.0,-5,0,0,hou,16
1972,T. Chandler,8,17,2.1,6,1,0,det,16
1973,N. Mullens,1,1,1.0,1,0,0,det,16
1974,A. Mattison,2,-1,-0.5,1,0,0,det,16
1975,J. Gibbs,15,80,5.3,18,2,1,min,16
1976,D. Montgomery,17,55,3.2,11,1,0,min,16
1977,K. Raymond,1,8,8.0,8,0,0,min,16
1978,J. Goff,3,0,0.0,2,0,0,min,16
1979,C. Hubbard,16,43,2.7,13,1,0,gb,16
1980,I. Smith-Marsette,2,33,16.5,20,1,0,gb,16
1981,B. Young,4,17,4.3,9,0,0,gb,16
1982,M. Sanders,3,3,1.0,3,0,0,gb,16
1983,A. Jones,21,127,6.0,39,0,0,car,16
1984,A. Dillon,7,12,1.7,3,1,0,car,16
1985,J. Love,2,12,6.0,11,1,0,car,16
1986,B. Melton,1,7,7.0,7,0,0,car,16
1987,P. Taylor,3,4,1.3,2,0,0,car,16
1988,N. Harris,19,78,4.1,13,1,0,cin,16
1989,J. Warren,8,24,3.0,5,0,0,cin,16
1990,C. Austin III,1,7,7.0,7,1,0,cin,16
1991,M. Rudolph,2,4,2.0,7,0,0,cin,16
1992,J. Mixon,11,43,3.9,13,0,0,pit,16
1993,C. Brown,4,16,4.0,5,0,0,pit,16
1994,J. Browning,1,0,0.0,0,0,0,pit,16
1995,A. Ekeler,15,65,4.3,10,0,0,buf,16
1996,E. Stick,7,25,3.6,21,1,0,buf,16
1997,D. Davis,1,8,8.0,8,0,0,buf,16
1998,I. Spiller,2,1,0.5,1,0,0,buf,16
1999,Q. Johnston,1,1,1.0,1,0,0,buf,16
2000,J. Kelley,1,-2,-2.0,-2,0,0,buf,16
2001,J. Cook,20,70,3.5,10,0,1,lac,16
2002,L. Fournette,5,20,4.0,9,0,0,lac,16
2003,J. Allen,5,15,3.0,6,2,0,lac,16
2004,B. Robinson,12,72,6.0,32,0,0,ind,16
2005,T. Allgeier,9,69,7.7,31,1,0,ind,16
2006,C. Patterson,7,26,3.7,11,0,0,ind,16
2007,T. Heinicke,2,10,5.0,10,0,0,ind,16
2008,J. Taylor,18,43,2.4,13,1,0,atl,16
2009,G. Minshew II,4,31,7.8,23,0,0,atl,16
2010,T. Goodson,1,15,15.0,15,0,0,atl,16
2011,T. Sermon,2,3,1.5,4,0,0,atl,16
